round_id,episode_id,episode_number,title,published_at,public_figure,participants,winners,is_tie,playable,confidence,spotify_url,audio_url
ko-539,539,1,"#1: Justiçamento, abraço de gambá e túnel do tempo",2018-05-17T16:16:00-03:00,Ciro Gomes,Fernando de Barros e Silva; Malu Gaspar; José Roberto de Toledo,Malu Gaspar,false,true,0.95,https://open.spotify.com/episode/2UF8CiHHbJJPaVD4Mb3ZSl,https://traffic.megaphone.fm/NPP3599174774.mp3?updated=1713197583
ko-538,538,2,"#2: As chances de Ciro, o desmanche da Venezuela e uma encrenca chamada Bolsonaro",2018-05-24T17:00:00-03:00,Henrique Meirelles,Fernando de Barros e Silva; Malu Gaspar; José Roberto de Toledo,Malu Gaspar,false,true,0.95,https://open.spotify.com/episode/7qacJFWrlf91U5RvlO9MHt,https://traffic.megaphone.fm/NPP9530191318.mp3?updated=1713202597
ko-537,537,3,"#3: Desabastecimento moral, ressaca política e o atoleiro de Alckmin",2018-05-31T16:07:00-03:00,Marina Silva,Fernando de Barros e Silva; José Roberto de Toledo; Malu Gaspar,,false,false,0.96,https://open.spotify.com/episode/3Nge90y6w8iYKUXk3t1XQ9,https://traffic.megaphone.fm/NPP9620993510.mp3?updated=1713225096
ko-536,536,4,"#4: Um elefante na eleição, o recado do Tocantins e a dança dos números",2018-06-07T16:22:00-03:00,Dilva Rouseff,Fernando de Barros e Silva; José Roberto de Toledo; Júlia Dualib,,false,false,0.0,https://open.spotify.com/episode/6YDV7NjmuGcdOxIDM2gh0U,https://traffic.megaphone.fm/NPP6793074903.mp3?updated=1713227814
ko-535,535,5,"#5: Epidemia de homicídios, o fracasso da vacina e a Copa da fisiologia",2018-06-14T16:45:00-03:00,Márcio França,Fernando de Barros e Silva; José Roberto de Toledo; Malu Gaspar,Malu Gaspar,false,true,0.94,https://open.spotify.com/episode/0jwDgpBHs40SoRfoXVxiRg,https://traffic.megaphone.fm/NPP9150931371.mp3?updated=1713282553
ko-534,534,6,"#6: O aborto na eleição, os paradoxos de Marina e a absolvição de Gleisi",2018-06-21T17:24:00-03:00,Sérgio Côrtes,Fernando de Barros e Silva; José Roberto de Toledo; Malu Gaspar,Malu Gaspar,false,true,0.99,https://open.spotify.com/episode/2ejJ288nxckkCqpKnta3mc,https://traffic.megaphone.fm/NPP6087315694.mp3?updated=1713282502
ko-533,533,7,"#7: Racha no Supremo, o namoro de Bolsonaro e o junho sem fim",2018-06-28T16:49:00-03:00,Michel Temer,Fernando de Barros e Silva; José Roberto de Toledo; Malu Gaspar,,false,false,0.95,https://open.spotify.com/episode/0lRDPZFp3zzpU9hhA8KvcM,https://traffic.megaphone.fm/NPP4920369556.mp3?updated=1713282480
ko-532,532,8,"#8: Revolução mexicana, as últimas pesquisas no Brasil e Dilma x Aécio, o retorno",2018-07-05T16:50:00-03:00,José Luiz Datena,Fernando de Barros e Silva; José Roberto de Toledo; Malu Gaspar,José Roberto de Toledo,false,true,0.98,https://open.spotify.com/episode/1N8cClrXpKI4fiSfHG85ta,https://traffic.megaphone.fm/NPP6630413869.mp3?updated=1713282379
ko-531,531,9,"#9: Comédia judicial, ponto para o PT e a bênção de Crivella",2018-07-12T17:04:00-03:00,Flávio Rocha,Fernando de Barros e Silva; José Roberto de Toledo; Malu Gaspar,Malu Gaspar,false,true,0.95,https://open.spotify.com/episode/5r8XNTuCkyLwwRrCsWEcKy,https://traffic.megaphone.fm/NPP3712105987.mp3?updated=1713282244
ko-530,530,10,"#10: O nome da noiva, a renovação que não virá e o custo-Temer",2018-07-19T18:49:00-03:00,Janaína Paschoal,Fernando de Barros e Silva; José Roberto de Toledo; Ana Carolina Evangelista,,false,false,0.95,https://open.spotify.com/episode/1ZYmlawhsMlEbuzke7uliJ,https://traffic.megaphone.fm/NPP9892233581.mp3?updated=1713281925
ko-529,529,11,"#11: O futuro de Bolsonaro, o xadrez de Alckmin e a armadilha da esquerda",2018-07-26T16:53:00-03:00,Cabo Daciolo,Fernando de Barros e Silva; José Roberto de Toledo; Malu Gaspar,Malu Gaspar,false,true,0.93,,https://traffic.megaphone.fm/NPP9942302632.mp3?updated=1713281494
ko-528,528,12,"#12: O quebra-cabeça dos estados, o PT volta às origens, e o teste televisivo de Bolsonaro",2018-08-02T16:45:00-03:00,Eduardo Paes,Fernando de Barros e Silva; José Roberto de Toledo; Malu Gaspar,Malu Gaspar,false,true,0.95,,https://traffic.megaphone.fm/NPP4947031262.mp3?updated=1713281383
ko-527,527,13,"#13: As vices mulheres, o embate Alckmin x Bolsonaro, e o xeque-mate de Lula",2018-08-09T16:50:00-03:00,Magno Malta,Fernando de Barros e Silva; José Roberto de Toledo; Malu Gaspar,Malu Gaspar,false,true,0.99,,https://traffic.megaphone.fm/NPP3033127875.mp3?updated=1713281140
ko-526,526,14,"#14: O ventríloquo de Haddad, a sucessão no Rio e o primeiro-ministro de Bolsonaro",2018-08-16T18:30:00-03:00,Ciro Gomes,Fernando de Barros e Silva; José Roberto de Toledo; Malu Gaspar,Malu Gaspar,false,true,0.95,,https://traffic.megaphone.fm/NPP5127102414.mp3?updated=1713228066
ko-525,525,15,"#15: Lula x Bolsonaro, Marina e as mulheres, e os conflitos em Roraima",2018-08-23T16:30:00-03:00,Walderice Santos da Conceição (Wal do Açaí),Malu Gaspar; José Roberto de Toledo; Carol Pires,,false,false,0.88,,https://traffic.megaphone.fm/NPP2687184668.mp3?updated=1713227940
ko-524,524,16,"#16: A eleição no horário nobre, o mensalinho do Twitter e a última chance de Alckmin",2018-08-30T16:40:00-03:00,Aécio Neves,Fernando de Barros e Silva; José Roberto de Toledo; Malu Gaspar,Malu Gaspar,false,true,0.83,,https://traffic.megaphone.fm/NPP8698758947.mp3?updated=1713227880
ko-523,523,17,#17: O atentado contra Bolsonaro e o incêndio no Museu Nacional,2018-09-07T02:14:00-03:00,,Fernando de Barros e Silva; José Roberto de Toledo; Malu Gaspar,,false,false,0.0,,https://traffic.megaphone.fm/NPP6088990752.mp3?updated=1713227626
ko-522,522,18,"#18: Haddad larga, Bolsonaro cresce e os milionários doam (a si próprios)",2018-09-13T16:50:00-03:00,José Dirceu,Fernando de Barros e Silva; José Roberto de Toledo; Malu Gaspar,Fernando de Barros e Silva; José Roberto de Toledo; Malu Gaspar,true,true,0.97,,https://traffic.megaphone.fm/NPP3826740082.mp3?updated=1713227567
ko-521,521,19,"#19: O fim da terceira via, o fim do segundo turno e o fim do PSDB?",2018-09-20T16:50:00-03:00,Kim Kataguiri,Fernando de Barros e Silva; José Roberto de Toledo; Malu Gaspar,,false,false,0.95,,https://traffic.megaphone.fm/NPP3500258686.mp3?updated=1713227467
ko-520,520,20,"#20: O segundo turno já começou, ameaças à democracia e a dura vida dos governadores",2018-09-27T16:50:00-03:00,Valdir Maranhão,Fernando de Barros e Silva; José Roberto de Toledo; Malu Gaspar,,false,false,0.96,,https://traffic.megaphone.fm/NPP4223320508.mp3?updated=1713226378
ko-519,519,21,"#21: Moro volta à cena, o efeito bumerangue do #EleNão e o segundo turno antecipado",2018-10-04T16:50:00-03:00,Jaques Wagner,Fernando de Barros e Silva; José Roberto de Toledo; Malu Gaspar,Malu Gaspar,false,true,0.98,,https://traffic.megaphone.fm/NPP6132409352.mp3?updated=1713226253
ko-507,507,22,"#22: O arrastão da direita, a derrota da mídia tradicional e o favoritismo de Bolsonaro",2018-10-11T16:59:00-03:00,Marta Suplicy,Fernando de Barros e Silva; José Roberto de Toledo; Malu Gaspar,,false,false,0.98,,https://traffic.megaphone.fm/NPP7338669657.mp3?updated=1713219211
ko-506,506,23,"#23: A eleição nos estados, o drama de Haddad e o que esperar de um governo Bolsonaro",2018-10-18T16:50:00-03:00,Luciano Hang,Fernando de Barros e Silva; Malu Gaspar; José Roberto de Toledo,,false,false,0.93,,https://traffic.megaphone.fm/NPP2523125572.mp3?updated=1713217633
ko-505,505,24,"#24: Bolsonaro radicaliza na reta final, o fim do lulismo e o cenário nos estados",2018-10-25T17:27:00-03:00,Washington Quaquá,Fernando de Barros e Silva; José Roberto de Toledo; Malu Gaspar,Malu Gaspar,false,true,0.97,,https://traffic.megaphone.fm/NPP8448544940.mp3?updated=1713217574
ko-493,493,25,"#25: A formação do governo, a guerra contra a imprensa e os dilemas da oposição",2018-11-01T16:50:00-03:00,Wilson Witzel,Fernando de Barros e Silva; José Roberto de Toledo; Malu Gaspar,Fernando de Barros e Silva,false,true,0.98,,https://traffic.megaphone.fm/NPP9860649739.mp3?updated=1713209337
ko-492,492,26,"#26: O gabinete de Bolsonaro, o novo papel de Moro e o Escola Sem Partido",2018-11-08T16:56:00-02:00,Eike Batista,Fernando de Barros e Silva; Malu Gaspar; José Roberto de Toledo,Malu Gaspar,false,true,0.99,,https://traffic.megaphone.fm/NPP1279788846.mp3?updated=1713209212
ko-491,491,27,"#27: Bolsonaro cai no mundo real, a oposição junta os cacos e Doria recruta no governo Temer",2018-11-15T17:21:00-02:00,Otoni de Paula,Fernando de Barros e Silva; José Roberto de Toledo; Malu Gaspar,,false,false,0.98,,https://traffic.megaphone.fm/NPP7680697048.mp3?updated=1713209126
ko-490,490,28,"#28: A crise da democracia, lobistas no governo, e o Twitter como Diário Oficial",2018-11-22T16:34:00-02:00,Leonardo Boff,Fernando de Barros e Silva; José Roberto de Toledo; Consuelo Diegues,,false,false,0.98,,https://traffic.megaphone.fm/NPP1432564824.mp3?updated=1713208825
ko-489,489,29,"#29: Onyx no telhado, aumento supremo e o astro Olavo",2018-11-29T16:47:00-02:00,Edson Lobão,Fernando de Barros e Silva; José Roberto de Toledo; Malu Gaspar,,false,false,0.97,,https://traffic.megaphone.fm/NPP1112489825.mp3?updated=1713208630
ko-487,487,30,"#30: A briga pelo Senado, os generais de Bolsonaro e a política do futebol",2018-12-06T16:51:00-02:00,Hélio Negão,Fernando de Barros e Silva; José Roberto de Toledo; Malu Gaspar,Malu Gaspar,false,true,0.96,,https://traffic.megaphone.fm/NPP3919101925.mp3?updated=1713207909
ko-486,486,31,"#31: O escândalo do motorista, o antiministro do Meio Ambiente e o barraco do PSL",2018-12-13T17:07:00-02:00,Flávio Dino,Fernando de Barros e Silva; José Roberto de Toledo; Malu Gaspar,,false,false,0.98,https://open.spotify.com/episode/3euKtB3H4L3qT6y8WWPXzS,https://traffic.megaphone.fm/NPP6957997597.mp3?updated=1713207848
ko-485,485,32,"#32: A canetada de Marco Aurélio, o sumiço do Queiroz e a diplomacia de Bolsonaro",2018-12-20T16:55:00-02:00,Sérgio Moro,Fernando de Barros e Silva; Malu Gaspar; Consuelo Diegues,Malu Gaspar,false,true,0.94,https://open.spotify.com/episode/1he3UlHmrByo8Oh9SfRAYV,https://traffic.megaphone.fm/NPP1466326581.mp3?updated=1713207214
ko-484,484,33,"#33: A posse de Bolsonaro, a posse de armas e a dura vida dos estados",2019-01-03T16:46:00-02:00,Djavan,Fernando de Barros e Silva; José Roberto de Toledo; Malu Gaspar,,false,false,0.98,https://open.spotify.com/episode/2P80q0HG5NLzzEtsR0x6Nd,https://traffic.megaphone.fm/NPP7132064778.mp3?updated=1713205696
ko-483,483,34,"#34: O bate-cabeça de Bolsonaro, os novos escândalos do governo e a crise no Ceará",2019-01-10T16:57:00-02:00,Eduardo Bolsonaro,Fernando de Barros e Silva; José Roberto de Toledo; Malu Gaspar,Malu Gaspar,false,true,0.97,https://open.spotify.com/episode/7EDQHaiIJgunRVPEztGgV5,https://traffic.megaphone.fm/NPP6217868071.mp3?updated=1713205340
ko-482,482,35,"#35: O decreto das armas, o teatro de Witzel e a prisão de Battisti",2019-01-17T16:48:00-02:00,Marco Feliciano,Fernando de Barros e Silva; José Roberto de Toledo; Malu Gaspar,,false,false,0.96,https://open.spotify.com/episode/10hVKyhAe9uZZQ7rfp17W4,https://traffic.megaphone.fm/NPP3141315938.mp3?updated=1713202766
ko-481,481,36,"#36: Os Bolsonaro e as milícias, o presidente em Davos e a milicolândia",2019-01-24T16:45:00-02:00,Marcos Rocha,Fernando de Barros e Silva; José Roberto de Toledo; Malu Gaspar,,false,false,0.98,https://open.spotify.com/episode/6ZgJXR3hGTI7ieuOYscPTp,https://traffic.megaphone.fm/NPP6153377378.mp3?updated=1713198106
ko-480,480,37,#37: A tragédia de Brumadinho; o exílio de Jean Wyllys; e Flávio e os donos do segredo,2019-01-31T17:00:00-02:00,Roberto Requião,Fernando de Barros e Silva; José Roberto de Toledo; Consuelo Diegues,José Roberto de Toledo,false,true,0.98,https://open.spotify.com/episode/1hjDycqsgkpSJU3Eg9jE74,https://traffic.megaphone.fm/NPP5401682833.mp3?updated=1713197849
ko-479,479,38,"#38: Os novos donos do Congresso, as leis de Moro e os escândalos do governo",2019-02-07T16:50:00-02:00,Bia Kicis,Fernando de Barros e Silva; José Roberto de Toledo; Malu Gaspar,,false,false,0.75,,https://traffic.megaphone.fm/NPP5455366944.mp3?updated=1713197650
ko-478,478,39,"#39: A fritura de Bebianno, a matança no Rio e os inimigos na Amazônia",2019-02-14T17:49:00-02:00,Magno Malta,Fernando de Barros e Silva; Malu Gaspar; José Roberto de Toledo,Malu Gaspar,false,true,0.95,https://open.spotify.com/episode/6cXtwhQ277Oq5ZaN17ta9M,https://traffic.megaphone.fm/NPP3986645055.mp3?updated=1713197365
ko-477,477,40,"#40: O BBB de Bebianno, a Previdência de Bolsonaro e o bunker de Paulo Preto",2019-02-21T16:50:00-03:00,Carlos Bolsonaro,Fernando de Barros e Silva; José Roberto de Toledo; Malu Gaspar,Fernando de Barros e Silva,false,true,0.85,https://open.spotify.com/episode/0TP18laiurxhdlZzSH8jrR,https://traffic.megaphone.fm/NPP1265389648.mp3?updated=1713197223
ko-476,476,41,"#41: O impasse na Venezuela, o hino de Vélez Rodríguez e a confissão de Cabral",2019-02-28T16:49:00-03:00,Luiz Carlos Heinze,Fernando de Barros e Silva; Malu Gaspar; José Roberto de Toledo,,false,false,0.96,https://open.spotify.com/episode/5lsD7saa2GQRuh0l6OxPWI,https://traffic.megaphone.fm/NPP2831243303.mp3?updated=1713197135
ko-475,475,42,"#42: O caso Marielle avança, Bolsonaro tuíta e olavetes brigam por espaço",2019-03-14T16:30:00-03:00,Carlos Roberto Massa,Fernando de Barros e Silva; José Roberto de Toledo; Malu Gaspar,,false,false,0.78,https://open.spotify.com/episode/4G4DOicIxdvinzrAj7vEW9,https://traffic.megaphone.fm/NPP3494645429.mp3?updated=1713196830
ko-474,474,43,#43: Viagem à Trumplândia e o troca-troca pela Previdência,2019-03-21T16:50:00-03:00,Major Olímpio,Fernando de Barros e Silva; José Roberto de Toledo; Malu Gaspar,Malu Gaspar,false,true,0.99,https://open.spotify.com/episode/3lnnDEy2btu51PX9u1LV4y,https://traffic.megaphone.fm/NPP7740517437.mp3?updated=1713196373
ko-472,472,44,"#44: Congresso desafia Bolsonaro, as últimas olavadas e Temer livre",2019-03-28T16:50:00-03:00,Jandira Feghali,Fernando de Barros e Silva; José Roberto de Toledo; Malu Gaspar,Malu Gaspar,false,true,0.99,https://open.spotify.com/episode/03ZJKsvK5bbz9VIfyECuIc,https://traffic.megaphone.fm/NPP3575590051.mp3?updated=1713195791
ko-471,471,45,"#45: O golpe faz aniversário, Bolsonaro vai a Israel e o governo (des) articula a Previdência",2019-04-04T16:50:00-03:00,Geraldo Alckmin,Fernando de Barros e Silva; Malu Gaspar; José Roberto de Toledo,Fernando de Barros e Silva; José Roberto de Toledo,true,true,0.89,https://open.spotify.com/episode/0vO3pwJusWaYtaIXmSRhgE,https://traffic.megaphone.fm/NPP1503554992.mp3?updated=1713195380
ko-470,470,46,"#46: Os 100 dias de governo, o marasmo na economia e a chuva (de tiros) no Rio",2019-04-11T16:45:00-03:00,Wallace Costa Landim,Fernando de Barros e Silva; Malu Gaspar; José Roberto de Toledo,,false,false,0.73,https://open.spotify.com/episode/3A2tc8FVwdf0toPoydT2Y8,https://traffic.megaphone.fm/NPP1112139536.mp3?updated=1713195119
ko-469,469,47,"#47: Bolsonaro joga diesel na crise, deputada é ameaçada, e STF embarca na censura",2019-04-18T16:38:00-03:00,Jorge Kajuru,Fernando de Barros e Silva; Malu Gaspar; José Roberto de Toledo; Rodrigo,Malu Gaspar,false,true,0.79,https://open.spotify.com/episode/5xM6Ae3HsIdXuBqONBhZ3C,https://traffic.megaphone.fm/NPP8156329384.mp3?updated=1713194742
ko-468,468,48,"#48: O avanço da Previdência, os ataques de Carluxo e a redução da pena de Lula",2019-04-25T16:45:00-03:00,Álvaro Dias,Fernando de Barros e Silva; Malu Gaspar; José Roberto de Toledo,José Roberto de Toledo,false,true,0.96,https://open.spotify.com/episode/4Ahf9j3qNWtTrKg8ywjNTh,https://traffic.megaphone.fm/NPP9381636345.mp3?updated=1698090760
ko-467,467,49,"#49: O levante na Venezuela, o (des)governo da educação e a entrevista de Lula",2019-05-02T16:51:00-03:00,Paulo Guedes,Fernando de Barros e Silva; José Roberto de Toledo; Malu Gaspar,Malu Gaspar,false,true,0.87,https://open.spotify.com/episode/2t5yJNVdPxJdtmsoyKdmHN,https://traffic.megaphone.fm/NPP4694029175.mp3?updated=1713194458
ko-466,466,50,"#50: A ofensiva olavista, a balbúrdia na educação e os tiros de Witzel",2019-05-09T16:45:00-03:00,,Fernando de Barros e Silva; Malu Gaspar; José Roberto de Toledo,,false,false,0.98,https://open.spotify.com/episode/73ODxZ6MPtAY9Ap4aYGHkZ,https://traffic.megaphone.fm/NPP7709791494.mp3?updated=1713193302
ko-464,464,51,"#51: Moro no STF, o sigilo de Queiroz e Flavio e os protestos contra o governo",2019-05-16T16:45:00-03:00,Boca Aberta,Fernando de Barros e Silva; Malu Gaspar; José Roberto de Toledo,José Roberto de Toledo,false,true,0.91,https://open.spotify.com/episode/5Jyh3nbHkMf2MvObCoqlE7,https://traffic.megaphone.fm/NPP4577908578.mp3?updated=1712701921
ko-461,461,53,#53: BolsoNero propõe pacto; o PSDB de Doria; outro massacre em Manaus,2019-05-30T16:45:00-03:00,Carlos Lupi,Fernando de Barros e Silva; José Roberto de Toledo; Thais Bilenky,,false,false,0.98,https://open.spotify.com/episode/4BDsWk2FwyM8Beg2oGu4zE,https://traffic.megaphone.fm/NPP9193287884.mp3?updated=1712701605
ko-460,460,54,"#54: O trânsito de Bolsonaro, o bate-cabeça da oposição e o elogio da agressão",2019-06-06T16:52:00-03:00,Aloizio Mercadante,Fernando de Barros e Silva; José Roberto de Toledo; Malu Gaspar,Malu Gaspar,false,true,0.94,,https://traffic.megaphone.fm/NPP9236456135.mp3?updated=1712701531
ko-459,459,55,"#55: Os vazamentos da Lava Jato, suas consequências, e o meio ambiente no governo Bolsonaro",2019-06-13T16:57:00-03:00,Fred Costa,Fernando de Barros e Silva; Malu Gaspar; Thais Bilenky; Bernardo Esteves,Fernando de Barros e Silva,false,true,0.98,https://open.spotify.com/episode/5lZy7Zx90Hgbi54a5fomGH,https://traffic.megaphone.fm/NPP1494749447.mp3?updated=1712701425
ko-458,458,56,"#56: Moro na berlinda, Santos Cruz e Joaquim Levy no olho da rua",2019-06-20T16:45:00-03:00,Pedro Paulo Carvalho,Fernando de Barros e Silva; José Roberto de Toledo; Malu Gaspar,Malu Gaspar,false,true,0.99,https://open.spotify.com/episode/196HbVKxV5pD2FEwAKaaIL,https://traffic.megaphone.fm/NPP8527212713.mp3?updated=1712701090
ko-457,457,57,"#57: Lula fica preso, Bolsonaro sai em campanha e Congresso vai para a ofensiva",2019-06-27T17:00:00-03:00,Romeu Zema,Fernando de Barros e Silva; José Roberto de Toledo; Malu Gaspar,Fernando de Barros e Silva,false,true,0.99,https://open.spotify.com/episode/2FQInNfpR8WiDeuzmFTwLz,https://traffic.megaphone.fm/NPP2139214613.mp3?updated=1712700951
ko-456,456,58,"#58: A votação da Previdência, Moro nas ruas e o ambiente pós-acordo Mercosul-UE",2019-07-04T16:45:00-03:00,Rodrigo Amorim,Fernando de Barros e Silva; José Roberto de Toledo; Thais Bilenky,Thais Bilenky,false,true,0.99,https://open.spotify.com/episode/1N1vvOi0piBN78DC5HCn5D,https://traffic.megaphone.fm/NPP9032279775.mp3?updated=1712700809
ko-455,455,59,"#59: A popularidade de Bolsonaro, o Congresso após a Previdência e o espólio de Moro",2019-07-11T16:45:00-03:00,Cabo Daciolo,Fernando de Barros e Silva; José Roberto de Toledo; Consuelo Diegues,Fernando de Barros e Silva,false,true,0.97,https://open.spotify.com/episode/32lHmah1hvHnqxVWRYfmYP,https://traffic.megaphone.fm/NPP1516540463.mp3?updated=1712700394
ko-454,454,60,"#60: A canetada de Toffoli, a chapa de Eduardo e o cachê de Dallagnol",2019-07-18T16:45:00-03:00,Carla Zambelli,Fernando de Barros e Silva; José Roberto de Toledo; Thais Bilenky,Thais Bilenky,false,true,0.99,https://open.spotify.com/episode/0iCVqKPaJb7TMXN2DxzdrM,https://traffic.megaphone.fm/NPP2215728477.mp3?updated=1712700260
ko-453,453,61,"#61: Três vezes Bolsonaro: Nordeste, mentiras e Lava Jato",2019-07-25T16:45:00-03:00,Silvio Santos,Fernando de Barros e Silva; José Roberto de Toledo; Thais Bilenky,,false,false,0.95,https://open.spotify.com/episode/2AnAcUWmxjWVbtxyrt0cRB,https://traffic.megaphone.fm/NPP1961269012.mp3?updated=1712700157
ko-452,452,62,"#62: A Amazônia na mira, o  massacre no Pará e a língua de Bolsonaro",2019-08-01T16:45:00-03:00,Alexandre Garcia,Fernando de Barros e Silva; Malu Gaspar; José Roberto de Toledo; Bernardo Esteves,Malu Gaspar,false,true,0.99,https://open.spotify.com/episode/1g07nBJlOTX1NayIwkcvSd,https://traffic.megaphone.fm/NPP5564669785.mp3?updated=1712700029
ko-451,451,63,"#63: A grande família Bolsonaro, o Congresso e os impostos, o STF contra a Lava Jato",2019-08-08T16:45:00-03:00,Luiz Henrique Mandetta,Fernando de Barros e Silva; José Roberto de Toledo; Malu Gaspar,José Roberto de Toledo,false,true,0.99,https://open.spotify.com/episode/3oT0pQtJAdxzXwD5jeNDMt,https://traffic.megaphone.fm/NPP7872737033.mp3?updated=1712699927
ko-450,450,64,"#64: A fritura de Moro, a expulsão de Frota e o acordo de Itaipu",2019-08-15T16:45:00-03:00,Rui Costa,Fernando de Barros e Silva; José Roberto de Toledo; Malu Gaspar,José Roberto de Toledo,false,true,0.98,https://open.spotify.com/episode/0fnEvtW0H6MjbEh8BLwaSP,https://traffic.megaphone.fm/NPP3510731805.mp3?updated=1712699685
ko-448,448,65,"#65: O sequestro do ônibus, o aparelhamento bolsonarista e a desigualdade brasileira",2019-08-22T16:48:00-03:00,Renan Filho,Fernando de Barros e Silva; José Roberto de Toledo; Malu Gaspar,José Roberto de Toledo; Malu Gaspar,true,true,0.96,https://open.spotify.com/episode/5LWHLN1sGlEC7WO4SUFJrq,https://traffic.megaphone.fm/NPP7885356628.mp3?updated=1712699411
ko-447,447,66,"#66: Bolsonaro sai chamuscado, Macron parte para cima e Moro arde na fogueira",2019-08-29T16:45:00-03:00,Gretchen,Fernando de Barros e Silva; Malu Gaspar; José Roberto de Toledo,,false,false,0.98,https://open.spotify.com/episode/1nIm9O1KJqIyBC7ux0HJqP,https://traffic.megaphone.fm/NPP7958245608.mp3?updated=1712699340
ko-446,446,67,"#67: A rejeição de Bolsonaro, o desmonte da ciência e a barbárie brasileira",2019-09-05T16:45:00-03:00,Chris Tonietto,Fernando de Barros e Silva; José Roberto de Toledo; Malu Gaspar,,false,false,0.98,https://open.spotify.com/episode/4BttSDbxGTyxOufqKrPU1Z,https://traffic.megaphone.fm/NPP2830987574.mp3?updated=1712698718
ko-445,445,68,"#68: Censura na Bienal, segredos da Lava Jato e um retrato da violência brasileira",2019-09-12T16:57:00-03:00,Delcídio do Amaral,Fernando de Barros e Silva; Malu Gaspar; José Roberto de Toledo,Malu Gaspar,false,true,0.98,https://open.spotify.com/episode/0ydLGeBdIgoGAgAJx0uAn2,https://traffic.megaphone.fm/NPP9687906326.mp3?updated=1712698640
ko-444,444,69,"#69: O racha no bolsonarismo, as derrotas do Posto Ipiranga e a farra do fundo eleitoral",2019-09-19T16:45:00-03:00,Nelson Barbudo,Fernando de Barros e Silva; José Roberto de Toledo; Malu Gaspar,,false,false,0.81,https://open.spotify.com/episode/025ECqALQzFzmNVV1am1ki,https://traffic.megaphone.fm/NPP1270436178.mp3?updated=1712698524
ko-442,442,70,"#70: Bolsonaro na ONU, o impeachment de Trump e a morte de Ágatha",2019-09-26T16:45:00-03:00,Paulo Pimenta,Fernando de Barros e Silva; José Roberto de Toledo; Malu Gaspar,,false,false,0.77,https://open.spotify.com/episode/2QOEg9a2B6bAE9BNPQ0JbZ,https://traffic.megaphone.fm/NPP7228596271.mp3?updated=1712698464
ko-441,441,71,"#71: Janot e o acordão, #Lulapreso e a p*rra das árvores",2019-10-03T16:45:00-03:00,Joice Hasselmann,Fernando de Barros e Silva; Malu Gaspar; José Roberto de Toledo,,false,false,0.98,https://open.spotify.com/episode/2syXkwdv6EtvstwoYuCLzF,https://traffic.megaphone.fm/NPP7527681238.mp3?updated=1712698391
ko-439,439,72,"#72: Bolsonaro contra o PSL, o governo contra a imprensa, e o Sínodo pela Amazônia",2019-10-10T16:45:00-03:00,João Pedro Stedile,Malu Gaspar; José Roberto de Toledo; Thais Bilenky,,false,false,0.98,https://open.spotify.com/episode/0xWITnEbUGc43nDELdZ9jh,https://traffic.megaphone.fm/NPP1043020540.mp3?updated=1712698208
ko-438,438,73,"#73: Autofagia no governo, crise na oposição e o óleo nas praias do Nordeste",2019-10-17T16:46:00-03:00,Felipe Francischini,Malu Gaspar; José Roberto de Toledo; Rafael Cariello; Thais Bilenky; Bernardo Esteves,José Roberto de Toledo,false,true,0.96,https://open.spotify.com/episode/0ydJfdEOzmW1bKF2NRrULI,https://traffic.megaphone.fm/NPP6974514912.mp3?updated=1712698123
ko-437,437,74,"#74: A disputa pelo PSL, a catimba do STF e a América Latina em convulsão",2019-10-24T16:45:00-03:00,Abraham Weintraub,José Roberto de Toledo; Malu Gaspar; Thais Bilenky; Fábio Victor,Malu Gaspar,false,true,0.93,https://open.spotify.com/episode/3LMhkSeosdIZ0r816J1T2v,https://traffic.megaphone.fm/NPP4914383154.mp3?updated=1712698007
ko-436,436,75,"#75: Bolsonaro e o porteiro, a esquerda vence na Argentina e o óleo se espalha pelo NE",2019-10-31T16:45:00-03:00,Roberto Jefferson,Malu Gaspar; José Roberto de Toledo; Alain de Abreu; Fábio Victor; Bernardo Esteves,,false,false,0.97,https://open.spotify.com/episode/1WZIxUhvWqelTNmxfkAclG,https://traffic.megaphone.fm/NPP7339254834.mp3?updated=1712697910
ko-435,435,76,"#76: O mistério da casa 58, o golpismo bolsonarista e o pacote de Paulo Guedes",2019-11-07T16:49:00-03:00,Alexandre Kalil,Malu Gaspar; José Roberto de Toledo; Thais Bilenky,Thais Bilenky,false,true,0.99,https://open.spotify.com/episode/3naiTLoPS2uiX810uDcVDq,https://traffic.megaphone.fm/NPP2660883164.mp3?updated=1712697541
ko-434,434,77,"#77: Lula solto, crise na Bolívia e o novo partido de Bolsonaro",2019-11-14T16:45:00-03:00,Henrique Meirelles,Fernando de Barros e Silva; Malu Gaspar; José Roberto de Toledo,,false,false,0.97,https://open.spotify.com/episode/0VUg4OIcGkvuBl3DtjIKmD,https://traffic.megaphone.fm/NPP1371605447.mp3?updated=1712695817
ko-433,433,78,"#78: Desmatamento em alta, a taxação dos desempregados e o vandalismo na Câmara",2019-11-21T16:45:00-03:00,Antonio Anastasia,Fernando de Barros e Silva; Malu Gaspar; José Roberto de Toledo,Malu Gaspar,false,true,0.98,https://open.spotify.com/episode/6AwelWwB3c3EHfQpiy5KIj,https://traffic.megaphone.fm/NPP2889537055.mp3?updated=1712695756
ko-432,432,79,"#79: O arroubo autoritário de Paulo Guedes, o Centro se movimenta, e a PEC da 2ª instância",2019-11-28T16:52:00-03:00,Marcelo Álvaro Antônio,Fernando de Barros e Silva; Malu Gaspar; José Roberto de Toledo,,false,false,0.92,https://open.spotify.com/episode/44RZlLRtugG7780Cmgev0A,https://traffic.megaphone.fm/NPP4791965316.mp3?updated=1712695580
ko-431,431,80,"#80: A tragédia em Paraisópolis, o desaforo de Trump e a cultura do desaforo",2019-12-05T16:45:00-03:00,,Fernando de Barros e Silva; Malu Gaspar; José Roberto de Toledo,,false,false,0.82,https://open.spotify.com/episode/0cQVvpDECv6EVbFNK0bc91,https://traffic.megaphone.fm/NPP4884666000.mp3?updated=1712695528
ko-430,430,81,"#81: A popularidade de Bolsonaro, o pacote anticrime sem Moro e as fake news na mira",2019-12-12T16:45:00-03:00,Selma Arruda,Fernando de Barros e Silva; Malu Gaspar; Thais Bilenky,Malu Gaspar,false,true,0.97,https://open.spotify.com/episode/1Rbl7QrIDxf1ScXzHmuXKJ,https://traffic.megaphone.fm/NPP7757689711.mp3?updated=1712693539
ko-429,429,82,"#82: Crise na saúde do Rio, Weintraub sob ataque e o boicote do Brasil à COP 25",2019-12-19T16:45:00-03:00,Sargento Isidório,Malu Gaspar; Thais Bilenky; Bernardo Esteves,,false,false,0.98,https://open.spotify.com/episode/2e7ZBhhDMGw8m6okckk8f7,https://traffic.megaphone.fm/NPP9904468913.mp3?updated=1712693484
ko-428,428,83,"#83: EUA x Irã, Bolsonaro x Moro  e o atentado ao Porta dos Fundos",2020-01-09T16:50:00-03:00,Sargento Fahur,Fernando de Barros e Silva; José Roberto de Toledo; Malu Gaspar,,false,false,0.9,https://open.spotify.com/episode/6yIZV8uR7ScuzEEHq8EzoB,https://traffic.megaphone.fm/NPP8069423669.mp3?updated=1712690418
ko-427,427,84,"#84: Ascensão evangélica, Democracia em Vertigem e o Aliança pelo Brasil",2020-01-16T17:54:00-03:00,Damares Alves,Fernando de Barros e Silva; Malu Gaspar; José Roberto de Toledo,Malu Gaspar,false,true,0.99,https://open.spotify.com/episode/4x3qWqVjYIqJgYBpKxTq9k,https://traffic.megaphone.fm/NPP7986170233.mp3?updated=1712690336
ko-426,426,85,"#85: A política de Moro, os negócios de Wajngarten e o nazismo na Cultura",2020-01-23T16:50:00-03:00,Anthony Garotinho,Fernando de Barros e Silva; José Roberto de Toledo; Thais Bilenky,Fernando de Barros e Silva,false,true,0.99,https://open.spotify.com/episode/4HaEB8aUKUr0D8DAsRUW30,https://traffic.megaphone.fm/NPP2674930945.mp3?updated=1712690241
ko-425,425,86,"#86: O desastrado Enem de Weintraub, um governo de mamatas e a molecagem de Witzel",2020-01-30T16:50:00-03:00,Márcia Fernandes,Fernando de Barros e Silva; Malu Gaspar; José Roberto de Toledo,,false,false,0.95,https://open.spotify.com/episode/3aekm2LT06umknflpJv478,https://traffic.megaphone.fm/NPP4972255015.mp3?updated=1712690160
ko-424,424,87,"#87: A ameaça do coronavírus, o “maiamentarismo” e a aliança BolsoSkaf",2020-02-06T16:40:00-03:00,Allan dos Santos,Fernando de Barros e Silva; José Roberto de Toledo; Bernardo Esteves; Thais Bilenky,Bernardo Esteves,false,true,0.96,https://open.spotify.com/episode/5bLZHLmK2OwY5x7feWWd30,https://traffic.megaphone.fm/NPP2768669600.mp3?updated=1712688751
ko-422,422,88,"#88: O miliciano morto, o Bolsa Família e o Pateta, e uma São Paulo submersa",2020-02-13T17:16:00-03:00,Luiz Fernando Pezão,Fernando de Barros e Silva; José Roberto de Toledo; Alain de Abreu; Thais Bilenky,José Roberto de Toledo,false,true,0.95,https://open.spotify.com/episode/5pNUcK3tcobZ2BPZOXA1Tc,https://traffic.megaphone.fm/NPP2173729875.mp3?updated=1712688672
ko-421,421,89,"#89: As mentiras de Bolsonaro, a caserna no Planalto e os tiros contra Cid Gomes",2020-02-20T17:00:00-03:00,Capitão Augusto,Fernando de Barros e Silva; José Roberto de Toledo; Thais Bilenky,,false,false,0.98,,https://traffic.megaphone.fm/NPP2900114550.mp3?updated=1712688597
ko-420,420,90,"#90: O golpismo de Bolsonaro, a polícia política e a Super Terça americana",2020-03-05T16:50:00-03:00,Marcelo Crivella,Fernando de Barros e Silva; José Roberto de Toledo; Thais Bilenky,Fernando de Barros e Silva,false,true,0.98,,https://traffic.megaphone.fm/NPP4586296156.mp3?updated=1712688197
ko-418,418,91,"#91: A pandemia, a crise econômica e as ameaças de Bolsonaro",2020-03-12T16:49:00-03:00,Márcio Labre,Fernando de Barros e Silva; José Roberto de Toledo; Bernardo Esteves; Thais Bilenky,,false,false,0.99,https://open.spotify.com/episode/0ZrUUA4FqGUDrFTvfZtplp,https://traffic.megaphone.fm/NPP7201383540.mp3?updated=1712688037
ko-417,417,92,"#92: A escalada mortal do vírus, antidepressivo para a economia e o governo mascarado",2020-03-19T16:45:00-03:00,Eduardo Paes,Fernando de Barros e Silva; José Roberto de Toledo; Thais Bilenky; Bernardo Esteves,Bernardo Esteves,false,true,0.99,https://open.spotify.com/episode/5nOVdQeJ8rOXpXWc0zdTuv,https://traffic.megaphone.fm/NPP5800382092.mp3?updated=1712686037
ko-416,416,93,"#93: O Brasil de quarentena, o isolamento de Bolsonaro e a economia à deriva",2020-03-26T17:09:00-03:00,Kátia Abreu,Fernando de Barros e Silva; José Roberto de Toledo; Bernardo Esteves; Thais Bilenky,José Roberto de Toledo,false,true,0.96,https://open.spotify.com/episode/49dVetEaJ5UjvvgEgvaTS8,https://traffic.megaphone.fm/NPP1042622089.mp3?updated=1712685890
ko-415,415,94,"#94: A subnotificação do vírus, Bolsonaro acuado e a economia desgovernada",2020-04-02T17:07:00-03:00,Gustavo Schmidt,Fernando de Barros e Silva; Malu Gaspar; José Roberto de Toledo; Bernardo Esteves,Fernando de Barros e Silva,false,true,0.97,https://open.spotify.com/episode/73mDZvzNGoX6F4m2dwlzxx,https://traffic.megaphone.fm/NPP9117193773.mp3?updated=1712685816
ko-411,411,95,"#95: Os mitos da pandemia, a queda de braço com Mandetta e o bate-cabeça na economia",2020-04-09T16:50:00-03:00,Delegado Valdir,Fernando de Barros e Silva; José Roberto de Toledo; Malu Gaspar; Bernardo Esteves,,false,false,0.98,https://open.spotify.com/episode/4Ou1AEfanBit8o82s36YZw,https://traffic.megaphone.fm/NPP8023400143.mp3?updated=1712685652
ko-408,408,96,"#96: Um combate no escuro, a queda de Mandetta e confusão na economia",2020-04-16T16:31:00-03:00,Dante Henrique Mantovani,Fernando de Barros e Silva; José Roberto de Toledo; Malu Gaspar; Bernardo Esteves,Fernando de Barros e Silva; Malu Gaspar,true,true,0.66,https://open.spotify.com/episode/6uGfQ9IFqljPidtGLii2dg,https://traffic.megaphone.fm/NPP6506523342.mp3?updated=1712685381
ko-405,405,97,"#97: Bolsonaro namora a velha política, a epidemia chega à periferia e o mundo depois do corona",2020-04-23T17:30:00-03:00,Cid Gomes,Fernando de Barros e Silva; José Roberto de Toledo; Malu Gaspar; Bernardo Esteves,Malu Gaspar; José Roberto de Toledo,true,true,0.99,https://open.spotify.com/episode/6YbFliSWAnzR1KB70e3YjO,https://traffic.megaphone.fm/NPP3388167293.mp3?updated=1712685189
ko-401,401,98,#98: Bolsonaro enfrenta o Supremo enquanto mortes batem recorde,2020-04-30T16:50:00-03:00,Luiz Lima,Fernando de Barros e Silva; José Roberto de Toledo; Malu Gaspar; Bernardo Esteves,,false,false,0.94,https://open.spotify.com/episode/6tp9Vf0XFA8Kc4fh1miI76,https://traffic.megaphone.fm/NPP4720673727.mp3?updated=1712684746
ko-398,398,99,#99: Bolsonaro agride a imprensa e alisa o Centrão,2020-05-07T16:50:00-03:00,Otto Alencar,Fernando de Barros e Silva; José Roberto de Toledo; Malu Gaspar; Bernardo Esteves,Malu Gaspar,false,true,0.99,https://open.spotify.com/episode/2LpGBWp6NrlAahwUgagQsA,https://traffic.megaphone.fm/NPP5208049823.mp3?updated=1712684403
ko-395,395,100,#100: Quem ameaça e quem protege Bolsonaro,2020-05-14T16:50:00-03:00,Fernando Collor de Mello,Fernando de Barros e Silva; Malu Gaspar; José Roberto de Toledo; Bernardo Esteves,José Roberto de Toledo,false,true,0.99,https://open.spotify.com/episode/42ZoqQRow5hfRwU04lagw7,https://traffic.megaphone.fm/NPP7675334230.mp3?updated=1712676303
ko-388,388,101,#101: Bolsonaro sob pressão,2020-05-22T10:55:00-03:00,Rafael Greca,Fernando de Barros e Silva; Malu Gaspar; José Roberto de Toledo; Bernardo Esteves,Fernando de Barros e Silva,false,true,0.99,https://open.spotify.com/episode/15ahj1aQ1ZuM31wBcBZKCZ,https://traffic.megaphone.fm/NPP5554146919.mp3?updated=1712675959
ko-384,384,102,#102: Tensão máxima no Planalto,2020-05-29T11:16:00-03:00,Anitta,Fernando de Barros e Silva; Malu Gaspar; José Roberto de Toledo; Bernardo Esteves,Malu Gaspar,false,true,0.99,https://open.spotify.com/episode/48Wu8Iuoug0lQ0gJDaeAIm,https://traffic.megaphone.fm/NPP3532756381.mp3?updated=1712675482
ko-381,381,103,#103: As ameaças contra Bolsonaro,2020-06-05T10:55:00-03:00,Janaína Paschoal,Fernando de Barros e Silva; Malu Gaspar; José Roberto de Toledo; Bernardo Esteves,Malu Gaspar,false,true,0.99,https://open.spotify.com/episode/44o2LDnUL6SAPsb9dDuWVs,https://traffic.megaphone.fm/NPP4466632873.mp3?updated=1712675042
ko-378,378,104,#104: As maquiagens de Bolsonaro,2020-06-12T10:55:00-03:00,Carlos Minc,Fernando de Barros e Silva; Malu Gaspar; José Roberto de Toledo; Bernardo Esteves,Malu Gaspar,false,true,0.98,https://open.spotify.com/episode/07Qz6ROPgdqn4C7jFvyWzr,https://traffic.megaphone.fm/NPP9977835021.mp3?updated=1712674697
ko-375,375,105,#105: Espremendo Bolsonaro,2020-06-19T10:55:00-03:00,Narcisa Tamborindeguy,Fernando de Barros e Silva; Malu Gaspar; José Roberto de Toledo; Bernardo Esteves,,false,false,0.98,https://open.spotify.com/episode/0CNBDkBlxIF9WDECFXTxJ1,https://traffic.megaphone.fm/NPP5104254086.mp3?updated=1712673946
ko-372,372,106,#106: O presidente acuado,2020-06-26T10:55:00-03:00,Carla Zambelli,Fernando de Barros e Silva; Malu Gaspar; José Roberto de Toledo; Bernardo Esteves,Fernando de Barros e Silva,false,true,0.99,https://open.spotify.com/episode/4RBTPrOLPV80PC6DZ014QZ,https://traffic.megaphone.fm/NPP2301108254.mp3?updated=1712673706
ko-369,369,107,#107: As guerras surdas de Bolsonaro,2020-07-03T11:04:00-03:00,Paulo Marinho,Fernando de Barros e Silva; José Roberto de Toledo; Malu Gaspar; Bernardo Esteves,José Roberto de Toledo,false,true,0.95,https://open.spotify.com/episode/2MhDC0GajxxryQqmEJKcXd,https://traffic.megaphone.fm/NPP8331703430.mp3?updated=1712673075
ko-366,366,108,#108: O vírus bolsonarista,2020-07-10T10:50:00-03:00,Antônio Carlos de Almeida Castro,Fernando de Barros e Silva; José Roberto de Toledo; Malu Gaspar; Bernardo Esteves,Malu Gaspar,false,true,0.98,https://open.spotify.com/episode/7wLg0Pyl2FLd5wWMMSP9BU,https://traffic.megaphone.fm/NPP6358094105.mp3?updated=1712672775
ko-363,363,109,"#109: Bolsonaro, os militares e o rebanho",2020-07-17T10:50:00-03:00,Renan Santos,Fernando de Barros e Silva; José Roberto de Toledo; Bernardo Esteves; Malu Gaspar,Bernardo Esteves,false,true,0.99,https://open.spotify.com/episode/2MAEH5iBxpjEVIwdXrYXPs,https://traffic.megaphone.fm/NPP6771586988.mp3?updated=1712672700
ko-360,360,110,#110: Bolsonaro e o partido da boquinha,2020-07-24T10:56:00-03:00,,Fernando de Barros e Silva; José Roberto de Toledo; Malu Gaspar; Bernardo Esteves,Bernardo Esteves,false,false,0.93,https://open.spotify.com/episode/58NKTsoU6YkgHD4GEJUCHT,https://traffic.megaphone.fm/NPP9551240469.mp3?updated=1712671761
ko-357,357,111,#111: A república rachada de Bolsonaro,2020-07-31T11:31:00-03:00,Márcio França,Fernando de Barros e Silva; José Roberto de Toledo; Malu Gaspar; Bernardo Esteves,,false,false,0.94,https://open.spotify.com/episode/09eG4Udva2UDIH10fbUgiv,https://traffic.megaphone.fm/NPP3645737101.mp3?updated=1712613623
ko-354,354,112,#112: A metamorfose de Bolsonaro,2020-08-07T10:50:00-03:00,Márcio França,Fernando de Barros e Silva; José Roberto de Toledo; Malu Gaspar; Bernardo Esteves,,false,false,0.98,https://open.spotify.com/episode/1X9BnqkrUwVkUNLjpS5ccp,https://traffic.megaphone.fm/NPP7408446657.mp3?updated=1712612611
ko-351,351,113,#113: Bolsonaro fura o teto,2020-08-14T11:00:00-03:00,,Fernando de Barros e Silva; Malu Gaspar; José Roberto de Toledo; Bernardo Esteves,,false,false,0.57,https://open.spotify.com/episode/55jxYwWIhZkxY3H2gMi614,https://traffic.megaphone.fm/NPP3015040064.mp3?updated=1712612367
ko-348,348,114,#114: A Bolso Família,2020-08-21T11:00:00-03:00,Flávio Dino,Fernando de Barros e Silva; José Roberto de Toledo; Malu Gaspar,Malu Gaspar,false,true,0.98,https://open.spotify.com/episode/5feK8tBwdlJJ33BwdkDwBA,https://traffic.megaphone.fm/NPP1174970810.mp3?updated=1712612249
ko-345,345,115,#115: Um presidente chapa quente,2020-08-28T10:56:00-03:00,Salim Matar,Fernando de Barros e Silva; Malu Gaspar; José Roberto de Toledo; Bernardo Esteves,José Roberto de Toledo,false,true,0.96,https://open.spotify.com/episode/6Cgjdg3oLJqY1U3bKA2KVP,https://traffic.megaphone.fm/NPP2512189758.mp3?updated=1712671095
ko-343,343,116,#116: Bolsonaro e as vacinas,2020-09-04T10:29:00-03:00,Cabo Daciolo,Fernando de Barros e Silva; Malu Gaspar; José Roberto de Toledo; Bernardo Esteves,Bernardo Esteves,false,true,0.98,https://open.spotify.com/episode/4sN7sq2p8Ri3sRFpCJRxww,https://traffic.megaphone.fm/NPP7231133864.mp3?updated=1712611811
ko-339,339,117,#117: A inflação de Bolsonaro,2020-09-11T11:00:00-03:00,Cabo Daciolo,Fernando de Barros e Silva; Malu Gaspar; José Roberto de Toledo; Bernardo Esteves,,false,false,0.92,https://open.spotify.com/episode/6AzArpqNL8AGITVP9xuPek,https://traffic.megaphone.fm/NPP7051849217.mp3?updated=1712611728
ko-335,335,118,#118: O presidente no meio do fogo,2020-09-18T11:00:00-03:00,Roberto Jefferson,Fernando de Barros e Silva; José Roberto de Toledo; Bernardo Esteves; Malu Gaspar,Malu Gaspar,false,true,0.99,,https://traffic.megaphone.fm/NPP3421582401.mp3?updated=1712611666
ko-333,333,119,#119: Bolsonaro entre o verde e as verdinhas,2020-09-25T11:00:00-03:00,Delúbio Soares,Fernando de Barros e Silva; José Roberto de Toledo; Malu Gaspar; Bernardo Esteves,,false,false,0.78,https://open.spotify.com/episode/2T38tml8xuFNN6dDEp9MVG,https://traffic.megaphone.fm/NPP8103839796.mp3?updated=1712610882
ko-330,330,120,#120: As pedaladas de Bolsonaro,2020-10-02T10:50:00-03:00,João Gordo,Fernando de Barros e Silva; José Roberto de Toledo; Malu Gaspar; Bernardo Esteves,José Roberto de Toledo,false,true,0.99,,https://traffic.megaphone.fm/NPP5421804805.mp3?updated=1712610696
ko-328,328,121,"#121: Com o Centrão, com tudo",2020-10-09T10:51:00-03:00,Telmário Mota,Fernando de Barros e Silva; José Roberto de Toledo; Malu Gaspar,,false,false,0.96,https://open.spotify.com/episode/3XW5acuCAhsc9TV9kpk2r2,https://traffic.megaphone.fm/NPP5048157713.mp3?updated=1712610538
ko-327,327,122,"#122: O Rap, o futebol e uma cueca cheia de dinheiro",2020-10-16T11:00:29-03:00,Arthur Weintraub,Fernando de Barros e Silva; Malu Gaspar; José Roberto de Toledo,Malu Gaspar,false,true,0.98,,https://traffic.megaphone.fm/NPP2341687987.mp3?updated=1698090623
ko-326,326,123,#123: Bolsonaro sem vacina,2020-10-23T10:35:00-03:00,Ênio Tatto,Fernando de Barros e Silva; José Roberto de Toledo; Malu Gaspar,,false,false,0.98,https://open.spotify.com/episode/12ibEzPzXfzYWboBgZZVCe,https://traffic.megaphone.fm/NPP1905121255.mp3?updated=1712607899
ko-324,324,124,#124: O bolsonarismo frita seus generais,2020-10-30T11:00:00-03:00,Cidinha Campos,Fernando de Barros e Silva; Bernardo Esteves; Malu Gaspar; José Roberto de Toledo,Malu Gaspar,false,true,0.97,,https://traffic.megaphone.fm/NPP4215631420.mp3?updated=1712607816
ko-323,323,125,#125: As urnas contra Trump e Bolsonaro,2020-11-06T10:50:00-03:00,Waldir Luiz Ferraz,Fernando de Barros e Silva; José Roberto de Toledo; Malu Gaspar,,false,false,0.91,https://open.spotify.com/episode/6mnWrJgOhHYjklZlkmJ6QZ,https://traffic.megaphone.fm/NPP9113652649.mp3?updated=1712607621
ko-321,321,126,#126: Saliva e pólvora contra a vacina,2020-11-13T11:11:00-03:00,Levi Fidelix,Fernando de Barros e Silva; Malu Gaspar; José Roberto de Toledo; Thais Bilenky,José Roberto de Toledo,false,true,0.98,,https://traffic.megaphone.fm/NPP5298559201.mp3?updated=1712607326
ko-316,316,127,#127: Maré alta contra Bolsonaro,2020-11-20T10:47:00-03:00,Gilson Machado,Fernando de Barros e Silva; José Roberto de Toledo; Malu Gaspar; Thais Bilenky; Bernardo Esteves,,false,false,0.97,https://open.spotify.com/episode/253lluj5KqOWL0yZ9YYMM2,https://traffic.megaphone.fm/NPP1819358728.mp3?updated=1712607072
ko-315,315,128,"#128: As urnas, o racismo e o vírus",2020-11-27T11:00:00-03:00,Roberto Requião,Fernando de Barros e Silva; Malu Gaspar; José Roberto de Toledo,José Roberto de Toledo,false,true,0.98,,https://traffic.megaphone.fm/NPP5720029757.mp3?updated=1712606998
ko-311,311,129,#129: O Brasil na rabeira,2020-12-04T10:36:00-03:00,Pompeu de Matos,Fernando de Barros e Silva; José Roberto de Toledo; Malu Gaspar,,false,false,0.97,https://open.spotify.com/episode/55OXYOTyyYX1LWz9DaUv29,https://traffic.megaphone.fm/NPP5890225284.mp3?updated=1712605758
ko-310,310,130,"#130: À deriva, sem vacina",2020-12-11T10:39:00-03:00,José Genoino,Fernando de Barros e Silva; Malu Gaspar; José Roberto de Toledo,Fernando de Barros e Silva; Malu Gaspar,true,true,0.94,https://open.spotify.com/episode/3y6eBsNDnyDcNGTCPc6iu2,https://traffic.megaphone.fm/NPP8558267260.mp3?updated=1712605651
ko-309,309,131,#131: Para que essa ansiedade?,2020-12-18T11:00:00-03:00,Carlos Marum,Fernando de Barros e Silva; José Roberto de Toledo; Malu Gaspar,,false,false,0.98,https://open.spotify.com/episode/6aW9eYi7XONAn9ihn6vV5W,https://traffic.megaphone.fm/NPP9588159369.mp3?updated=1712605376
ko-308,308,132,#132: Presidente mimimi,2021-01-08T11:00:00-03:00,André Janones,Fernando de Barros e Silva; José Roberto de Toledo; Malu Gaspar,José Roberto de Toledo,false,true,0.98,https://open.spotify.com/episode/4oIObUh8pYNuwQigXaK8gt,https://traffic.megaphone.fm/NPP5637441541.mp3?updated=1712604778
ko-307,307,133,"#133: Pouca vacina, muita lambança",2021-01-15T10:38:00-03:00,Bibo Nunes,Fernando de Barros e Silva; Malu Gaspar; Thais Bilenky; Bernardo Esteves,Malu Gaspar,false,true,0.99,https://open.spotify.com/episode/3N5PlCao7YD2ezFLfuDomV,https://traffic.megaphone.fm/NPP4712008960.mp3?updated=1712604714
ko-306,306,134,"#134: Sem vacina, sem Trump, sem nada",2021-01-22T11:00:00-03:00,Alexandre Frota,Fernando de Barros e Silva; José Roberto de Toledo; Thais Bilenky; Bernardo Mello Franco,Fernando de Barros e Silva; José Roberto de Toledo; Thais Bilenky; Bernardo Mello Franco,true,true,0.74,https://open.spotify.com/episode/7wFjOOfPBHNgJK63tlEq5W,https://traffic.megaphone.fm/NPP7675984333.mp3?updated=1712604522
ko-305,305,135,"#135: Vacina pouca, meu braço primeiro",2021-01-29T10:40:00-03:00,Boca Aberta,Fernando de Barros e Silva; José Roberto de Toledo; Malu Gaspar; Bernardo Esteves; Thais Bilenky,José Roberto de Toledo,false,true,0.98,https://open.spotify.com/episode/2ULXqFCye7IYBZUnvinUfg,https://traffic.megaphone.fm/NPP4031010774.mp3?updated=1712604317
ko-304,304,136,#136: Todo poder ao Arenão,2021-02-05T10:30:00-03:00,Supla,Fernando de Barros e Silva; Thais Bilenky; José Roberto de Toledo; Bernardo Esteves,Fernando de Barros e Silva,false,true,0.93,,https://traffic.megaphone.fm/NPP8186559706.mp3?updated=1712604234
ko-303,303,137,"#137: Pós-Lava Jato, pré-Arenão",2021-02-12T10:57:00-03:00,Eduardo Bolsonaro,Fernando de Barros e Silva; José Roberto de Toledo; Thais Bilenky; Bernardo Esteves,Thais Bilenky,false,true,0.98,https://open.spotify.com/episode/51pdk84vRjlK6w7e1wswEJ,https://traffic.megaphone.fm/NPP8828848649.mp3?updated=1712603969
ko-301,301,138,"#138: Mais armas, menos vacinas",2021-02-19T11:00:00-03:00,Julian Lemos,Fernando de Barros e Silva; José Roberto de Toledo; Thais Bilenky; Bernardo Esteves,José Roberto de Toledo,false,true,0.94,https://open.spotify.com/episode/4hn56d4WomfRkEczEk9uUy,https://traffic.megaphone.fm/NPP2442842521.mp3?updated=1712603916
ko-299,299,139,#139: Liberalismo adernado e o tsunami,2021-02-26T11:00:00-03:00,Cris Tonieto,Fernando de Barros e Silva; José Roberto de Toledo; Thais Bilenky; Bernardo Esteves,,false,false,0.99,,https://traffic.megaphone.fm/NPP2007457793.mp3?updated=1712603832
ko-297,297,140,#140: A variante Bolsonaro,2021-03-05T11:00:00-03:00,Fernando Collor de Mello,Fernando de Barros e Silva; José Roberto de Toledo; Thais Bilenky,José Roberto de Toledo,false,true,0.98,https://open.spotify.com/episode/6gg6zFxqngIXihRGyyvZib,https://traffic.megaphone.fm/NPP3484610478.mp3?updated=1712603692
ko-294,294,141,#141: Lula entra em campo,2021-03-12T11:00:00-03:00,Fernando Henrique Cardoso,Fernando de Barros e Silva; José Roberto de Toledo; Thais Bilenky,Fernando de Barros e Silva; José Roberto de Toledo,true,true,0.96,https://open.spotify.com/episode/7BeI2jhv0Th26IkF9h4DLW,https://traffic.megaphone.fm/NPP3083455017.mp3?updated=1712603584
ko-293,293,142,#142: O Brasil pelo cano,2021-03-19T10:36:00-03:00,,Fernando de Barros e Silva; José Roberto de Toledo; Thais Bilenky,José Roberto de Toledo,false,false,0.0,https://open.spotify.com/episode/4djvCFVboDLwJacjE7Di7L,https://traffic.megaphone.fm/NPP4396792017.mp3?updated=1712603472
ko-291,291,143,"#143: Bolsonaro entre Lula, o Arenão e 300 mil mortos",2021-03-26T10:35:00-03:00,Gustavo Franco,Fernando de Barros e Silva; José Roberto de Toledo; Thais Bilenky,,false,false,0.99,https://open.spotify.com/episode/2V4WsFrFLI544p7R9o8Dbg,https://traffic.megaphone.fm/NPP2289194696.mp3?updated=1712603397
ko-290,290,144,"#144: Novos generais, velho truque",2021-04-02T10:30:00-03:00,Cristiane Brasil,Fernando de Barros e Silva; José Roberto de Toledo; Thais Bilenky,Thais Bilenky,false,true,0.97,https://open.spotify.com/episode/5c95RVGeH5UvmfwO72Qjfi,https://traffic.megaphone.fm/NPP7354197680.mp3?updated=1712603351
ko-289,289,145,"#145: Com fome, com sufoco, com tudo",2021-04-09T10:45:00-03:00,Tasso Jereissati,Fernando de Barros e Silva; José Roberto de Toledo; Thais Bilenky,José Roberto de Toledo,false,true,0.98,https://open.spotify.com/episode/53pHbAquoGjCzOZjCkMKoY,https://traffic.megaphone.fm/NPP6261057872.mp3?updated=1712601390
ko-288,288,146,"#146: Mortes demais, vacinas de menos",2021-04-16T10:18:00-03:00,Michelle Bolsonaro,Fernando de Barros e Silva; José Roberto de Toledo; Thais Bilenky,,false,false,0.98,https://open.spotify.com/episode/7u85NO8n0JUkuOZKRY4qXy,https://traffic.megaphone.fm/NPP7353133528.mp3?updated=1712601276
ko-287,287,147,"#147: Os madeireiros, os caras de pau e as chantagens",2021-04-23T10:18:00-03:00,Magno Malta,Fernando de Barros e Silva; José Roberto de Toledo; Thais Bilenky,,false,false,0.98,https://open.spotify.com/episode/5kRXHClCEE1nyZ3C0dKKPa,https://traffic.megaphone.fm/NPP3874036842.mp3?updated=1712601223
ko-286,286,148,#148: De Posto Ipiranga a loja de conveniência,2021-04-30T11:03:00-03:00,Acelino Popó Freitas,Fernando de Barros e Silva; José Roberto de Toledo; Thais Bilenky,José Roberto de Toledo,false,true,0.97,,https://traffic.megaphone.fm/NPP3861614972.mp3?updated=1712601142
ko-285,285,149,"#149: O Congresso entre a CPI, Bolsonaro e Lula",2021-05-07T10:21:00-03:00,Fábio Porchat,Fernando de Barros e Silva; José Roberto de Toledo; Thaís Oyama,Fernando de Barros e Silva,false,true,0.6,https://open.spotify.com/episode/5QdC0aiSKlw2oB0JeHiQh2,https://traffic.megaphone.fm/NPP6523694714.mp3?updated=1712601103
ko-284,284,150,#150: Da pedalada à tratorada,2021-05-14T10:26:00-03:00,Fernando Bezerra Coelho,Fernando de Barros e Silva; José Roberto de Toledo; Thais Bilenky,José Roberto de Toledo,false,true,0.99,,https://traffic.megaphone.fm/NPP5108882476.mp3?updated=1712601015
ko-283,283,151,#151: Em nome do chefe,2021-05-21T10:29:00-03:00,Joyce Hasselmann,Fernando de Barros e Silva; José Roberto de Toledo; Thais Bilenky,Thais Bilenky,false,true,0.99,https://open.spotify.com/episode/300yT7xF1VLduVS3VoRKVM,https://traffic.megaphone.fm/NPP1776395059.mp3?updated=1712598580
ko-282,282,152,#152: A próxima onda,2021-05-28T10:25:00-03:00,Eduardo Cunha,Fernando de Barros e Silva; José Roberto de Toledo; Thais Bilenky,,false,false,0.93,,https://traffic.megaphone.fm/NPP2581548537.mp3?updated=1712598365
ko-281,281,153,#153: Pandemicídio e anarquia militar,2021-06-04T10:13:00-03:00,Roberto Jefferson,Fernando de Barros e Silva; José Roberto de Toledo; Thais Bilenky,,false,false,0.99,https://open.spotify.com/episode/03f8r6RXU1hbeAohTwrzav,https://traffic.megaphone.fm/NPP3282949512.mp3?updated=1712598276
ko-280,280,154,"#154: Boom, bola e bolso",2021-06-11T10:37:00-03:00,Luciano Huck,Fernando de Barros e Silva; José Roberto de Toledo; Thais Bilenky,José Roberto de Toledo,false,true,0.96,,https://traffic.megaphone.fm/NPP1327924272.mp3?updated=1712598188
ko-279,279,155,#155: O apagão de Bolsonaro,2021-06-18T10:28:00-03:00,Joel Santana,Fernando de Barros e Silva; José Roberto de Toledo; Thaís Oyama,,false,false,0.98,https://open.spotify.com/episode/2akHsuC9r3M2d9ZPsqjp8v,https://traffic.megaphone.fm/NPP9402159761.mp3?updated=1712598118
ko-278,278,156,#156: Bolsonaro tenta apagar o que acendeu,2021-06-25T10:22:00-03:00,Drauzio Varela,Fernando de Barros e Silva; José Roberto de Toledo; Thais Bilenky,Thais Bilenky,false,true,0.98,,https://traffic.megaphone.fm/NPP4663102080.mp3?updated=1712598061
ko-276,276,157,#157: Vacina custa caro a Bolsonaro,2021-07-02T10:30:00-03:00,Tereza Cristina,Fernando de Barros e Silva; José Roberto de Toledo; Thaís Oyama,José Roberto de Toledo,false,true,0.98,https://open.spotify.com/episode/6gUHejsURtBakNfwYPubL0,https://traffic.megaphone.fm/NPP8302873390.mp3?updated=1712597923
ko-275,275,158,"#158: A CPI, o impeachment e a descarga",2021-07-09T10:30:00-03:00,Luiz Henrique Mandetta,Fernando de Barros e Silva; José Roberto de Toledo; Thais Bilenky,Fernando de Barros e Silva,false,true,0.98,,https://traffic.megaphone.fm/NPP7448174602.mp3?updated=1712596882
ko-274,274,159,"#159: Militares blefam, civis pagam pra ver",2021-07-16T10:27:00-03:00,Marco Feliciano,Fernando de Barros e Silva; José Roberto de Toledo; Thais Bilenky,Thais Bilenky,false,true,0.99,https://open.spotify.com/episode/1VaHoYeow5FrlsOT6lmMdv,https://traffic.megaphone.fm/NPP4644887725.mp3?updated=1712595535
ko-273,273,160,#160: Arenão toma poder dos militares,2021-07-23T10:11:00-03:00,Luciano Hang,Fernando de Barros e Silva; José Roberto de Toledo; Thais Bilenky,Fernando de Barros e Silva,false,true,0.97,,https://traffic.megaphone.fm/NPP4476654534.mp3?updated=1712346698
ko-272,272,161,"#161: Bolsonaro, o Arenão e suas obras",2021-07-30T10:31:00-03:00,Abraham Weintraub,Fernando de Barros e Silva; José Roberto de Toledo; Thais Bilenky,Fernando de Barros e Silva; José Roberto de Toledo; Thais Bilenky,true,true,0.94,https://open.spotify.com/episode/2uzpyXBy8V083noSrykk8m,https://traffic.megaphone.fm/NPP2345518162.mp3?updated=1712346647
ko-271,271,162,#162: O vale-tudo de Bolsonaro,2021-08-06T10:33:00-03:00,Lobão,Fernando de Barros e Silva; José Roberto de Toledo; Thais Bilenky,Thais Bilenky,false,true,0.98,https://open.spotify.com/episode/4yLexZdojwx37UBStpYCkC,https://traffic.megaphone.fm/NPP5411155112.mp3?updated=1712346606
ko-270,270,163,#163: Bolsonaro engolido pela própria fumaça,2021-08-13T10:38:00-03:00,Luiz Henrique Mandetta,Fernando de Barros e Silva; José Roberto de Toledo; Thais Bilenky,Thais Bilenky,false,true,0.98,https://open.spotify.com/episode/48lp2gV95Pqa1DwFUuijgP,https://traffic.megaphone.fm/NPP9040133484.mp3?updated=1712346570
ko-269,269,164,#164: Bolsonaro abandona seus caninos,2021-08-20T10:36:00-03:00,Gilberto Kassab,Fernando de Barros e Silva; José Roberto de Toledo; Ana Clara Costa,Ana Clara Costa,false,true,0.98,https://open.spotify.com/episode/0FR2uLQd75TqYSKlJzFDuO,https://traffic.megaphone.fm/NPP6479245280.mp3?updated=1712346530
ko-268,268,165,#165: Rachadinha ou morte,2021-08-27T10:35:00-03:00,Roberto Justus,Fernando de Barros e Silva; José Roberto de Toledo; Ana Clara Costa,José Roberto de Toledo,false,true,0.99,https://open.spotify.com/episode/0ZISy2l2umXZSzaplKBpHd,https://traffic.megaphone.fm/NPP4044937662.mp3?updated=1712346490
ko-267,267,166,#166: Em marcha para a escuridão,2021-09-03T10:32:00-03:00,Marcos Pontes,Fernando de Barros e Silva; José Roberto de Toledo; Ana Clara Costa,José Roberto de Toledo,false,true,0.99,https://open.spotify.com/episode/36aFNZ2DQBN4RRoXpaKc4X,https://traffic.megaphone.fm/NPP3711849018.mp3?updated=1712346425
ko-266,266,167,#167: Bolsonaro ressuscita Temer,2021-09-10T10:34:13-03:00,Bia Kicis,Fernando de Barros e Silva; José Roberto de Toledo; Ana Clara Costa,José Roberto de Toledo,false,true,0.99,https://open.spotify.com/episode/74oAuGh22lYaI5SMYZ7Ngv,https://traffic.megaphone.fm/NPP1737584232.mp3?updated=1698090565
ko-265,265,168,#168: Bolsonaro janta os salvadores da pátria,2021-09-17T10:26:00-03:00,Paulo Skaf,Fernando de Barros e Silva; José Roberto de Toledo; Ana Clara Costa,,false,false,0.95,https://open.spotify.com/episode/2hqb0voqQD4nYkkRjQvWwU,https://traffic.megaphone.fm/NPP5300855455.mp3?updated=1712346313
ko-264,264,169,#169: O vírus mal-disfarçado do bolsonarismo,2021-09-24T10:25:00-03:00,Mário Frias,Fernando de Barros e Silva; José Roberto de Toledo; Thais Bilenky,,false,false,0.96,https://open.spotify.com/episode/7wO8Cuk9FTEphowlg2Ysr8,https://traffic.megaphone.fm/NPP6080037766.mp3?updated=1712345958
ko-263,263,170,#170: Tempestade de areia sobre o Planalto,2021-10-01T10:20:00-03:00,Sérgio Malandro,Fernando de Barros e Silva; José Roberto de Toledo; Thais Bilenky,José Roberto de Toledo,false,true,0.98,,https://traffic.megaphone.fm/NPP5734415600.mp3?updated=1712344348
ko-262,262,171,#171: Paulo Guedes cai do paraíso fiscal no colo do Arenão,2021-10-08T10:36:23-03:00,Frederique Wassef,Fernando de Barros e Silva; José Roberto de Toledo; Thais Bilenky,,false,false,0.93,https://open.spotify.com/episode/062fG4vES9ntxcU55ub8HF,https://traffic.megaphone.fm/NPP8970800452.mp3?updated=1698090561
ko-261,261,172,"#172: Falta comida, sobra apetite",2021-10-15T10:25:00-03:00,Barbara Gancia,Fernando de Barros e Silva; José Roberto de Toledo; Thais Bilenky,,false,false,0.74,https://open.spotify.com/episode/4RIzEb6zqaupYEJxEJNNFI,https://traffic.megaphone.fm/NPP8596909345.mp3?updated=1712344209
ko-260,260,173,#173: Bolsonaro fura e Guedes bate no teto,2021-10-22T09:42:00-03:00,,Fernando de Barros e Silva; José Roberto de Toledo; Thais Bilenky,,false,false,0.97,https://open.spotify.com/episode/2GBHWvqm3MH1q5sq7pcCYx,https://traffic.megaphone.fm/NPP6875925503.mp3?updated=1712343935
ko-259,259,174,#174: Bolsonaro e o “tudo por dinheiro”,2021-10-29T09:25:00-03:00,Wagner Moura,Fernando de Barros e Silva; José Roberto de Toledo; Thaís Oyama; Bernardo Esteves,Thaís Oyama,false,true,0.99,https://open.spotify.com/episode/5S2ES8M3YXqoXof0hPDMNH,https://traffic.megaphone.fm/NPP1400682658.mp3?updated=1712343869
ko-258,258,175,#175: Fome de poder,2021-11-05T10:43:00-03:00,Romeu Zema,Fernando de Barros e Silva; José Roberto de Toledo; Thais Bilenky; Bernardo Esteves,Thais Bilenky,false,true,0.98,https://open.spotify.com/episode/4lqqbdQ1Q92U8NDUzXsheu,https://traffic.megaphone.fm/NPP7670316291.mp3?updated=1712343758
ko-257,257,176,"#176: O Boy, o boi e o gado",2021-11-12T10:50:00-03:00,Aécio Neves,Fernando de Barros e Silva; José Roberto de Toledo; Thais Bilenky; Bernardo Esteves,Thais Bilenky,false,true,0.99,https://open.spotify.com/episode/1gDnPdTqCcigfkZ6ElwHiX,https://traffic.megaphone.fm/NPP5850824661.mp3?updated=1712343478
ko-256,256,177,#177: Lula ocupa vácuo deixado por Bolsonaro,2021-11-19T10:50:00-03:00,Joaquim Leite,Fernando de Barros e Silva; José Roberto de Toledo; Thais Bilenky,José Roberto de Toledo,false,true,0.97,https://open.spotify.com/episode/7rKRF0ZjcJEJ1F9IyatOPP,https://traffic.megaphone.fm/NPP2265567672.mp3?updated=1712343434
ko-254,254,178,#178: Bolsonaro x Moro na segunda via; PSDB na quarta,2021-11-26T10:50:00-03:00,Anitta,Fernando de Barros e Silva; José Roberto de Toledo; Thais Bilenky,Fernando de Barros e Silva,false,true,0.85,https://open.spotify.com/episode/7IRb1kr9ldymho5k4dn9Zu,https://traffic.megaphone.fm/NPP2994200144.mp3?updated=1712343385
ko-252,252,179,#179: Tem um ômicron no caminho de Bolsonaro,2021-12-03T10:50:00-03:00,Aldo Rebelo,Fernando de Barros e Silva; José Roberto de Toledo; Thaís Oyama,José Roberto de Toledo,false,true,0.95,https://open.spotify.com/episode/0pnItEjcBB8Uyt3OT7R06U,https://traffic.megaphone.fm/NPP8418488000.mp3?updated=1712343285
ko-250,250,180,#180: A chance de Lula/Bolsonaro e a vulnerabilidade de Moro,2021-12-10T10:50:00-03:00,General Santos Cruz,Fernando de Barros e Silva; José Roberto de Toledo; Thais Bilenky,Thais Bilenky,false,true,0.99,https://open.spotify.com/episode/75rdky8UkYaqp3NaZyXigQ,https://traffic.megaphone.fm/NPP6598378167.mp3?updated=1712343100
ko-248,248,181,#181: O duopólio das intenções de voto e suas alianças,2021-12-17T10:50:00-03:00,Eduardo Suplicy,Fernando de Barros e Silva; José Roberto de Toledo; Thais Bilenky,Fernando de Barros e Silva; José Roberto de Toledo; Thais Bilenky,true,true,0.78,https://open.spotify.com/episode/3NfZ28kQadcxewWoyDlLVU,https://traffic.megaphone.fm/NPP3733116152.mp3?updated=1712343056
ko-246,246,182,#182: A negligência do atirador de facas,2022-01-07T10:50:00-03:00,Bia Kicis,José Roberto de Toledo; Thais Bilenky; Ana Clara Costa,Thais Bilenky,false,true,0.99,https://open.spotify.com/episode/5p1lkN5yYaIQfUqIG1RTP3,https://traffic.megaphone.fm/NPP9666435864.mp3?updated=1712342933
ko-245,245,183,#183: Surfando a Ômicron no escuro,2022-01-14T10:50:00-03:00,Anthony Garotinho,José Roberto de Toledo; Thais Bilenky; Ana Clara Costa,,false,false,0.98,https://open.spotify.com/episode/7IakBL5CFmMvPMgYGKWzvd,https://traffic.megaphone.fm/NPP7524757192.mp3?updated=1712342555
ko-244,244,184,#184: Quem ganha e quem perde na pandemia,2022-01-21T10:50:00-03:00,Leda Nagle,Fernando de Barros e Silva; José Roberto de Toledo; Thais Bilenky,Thais Bilenky,false,true,0.94,https://open.spotify.com/episode/2pGQIjSwBsNN141M0bCr9K,https://traffic.megaphone.fm/NPP5287486820.mp3?updated=1712342508
ko-243,243,185,#185: Os negacionistas e seu destino,2022-01-28T10:50:00-03:00,Ciro Nogueira,Fernando de Barros e Silva; José Roberto de Toledo; Thais Bilenky,Thais Bilenky,false,true,0.99,https://open.spotify.com/episode/3dUV5yldCAJYoRBSsyJPIg,https://traffic.megaphone.fm/NPP3928336708.mp3?updated=1712342463
ko-242,242,186,#186: A urna e o taco de beisebol,2022-02-04T10:50:00-03:00,Lucélia Santos,Fernando de Barros e Silva; José Roberto de Toledo; Thais Bilenky,José Roberto de Toledo,false,true,0.99,https://open.spotify.com/episode/2ZhujizkQTcMl5UKNfLB1q,https://traffic.megaphone.fm/NPP8424875157.mp3?updated=1712279846
ko-241,241,187,"#187: Tiros, nazismo, doses e mais doses",2022-02-11T10:50:00-03:00,Álvaro Dias,Fernando de Barros e Silva; José Roberto de Toledo; Thais Bilenky,Fernando de Barros e Silva; José Roberto de Toledo,true,true,0.97,https://open.spotify.com/episode/1QbhvNAp83Cp1kxIPShXJQ,https://traffic.megaphone.fm/NPP3005545382.mp3?updated=1712279801
ko-240,240,188,#188: O viajante inútil e a tragédia,2022-02-18T10:50:00-03:00,Tarcísio Gomes de Freitas,Fernando de Barros e Silva; José Roberto de Toledo; Thais Bilenky,José Roberto de Toledo,false,true,0.98,https://open.spotify.com/episode/3Jf753kQgRQLc66SWAYtqA,https://traffic.megaphone.fm/NPP6904731938.mp3?updated=1712279764
ko-239,239,189,"#189: A guerra, as armas e a dama de vermelho",2022-02-25T10:50:00-03:00,João Roma,Fernando de Barros e Silva; José Roberto de Toledo; Thais Bilenky,,false,false,0.99,,https://traffic.megaphone.fm/NPP9842397787.mp3?updated=1712279055
ko-238,238,190,#190: A guerra e suas narrativas,2022-03-04T10:50:00-03:00,Bia Doria,Fernando de Barros e Silva; Thais Bilenky; Ana Clara Costa,Thais Bilenky,false,true,0.99,https://open.spotify.com/episode/1AiDGU79YcvyqBJOSR8gbR,https://traffic.megaphone.fm/NPP1396218708.mp3?updated=1712279012
ko-237,237,191,"#191: O machismo, a guerra e uma nova esquerda",2022-03-11T10:50:00-03:00,Sérgio Reis,Fernando de Barros e Silva; Thais Bilenky,,false,false,0.95,,https://traffic.megaphone.fm/NPP1839205434.mp3?updated=1712278935
ko-236,236,192,#192: O aumento na bomba e o reflexo nas urnas,2022-03-18T10:50:00-03:00,Rui Falcão,Fernando de Barros e Silva; Thais Bilenky; Ana Clara Costa,Thais Bilenky,false,true,0.99,https://open.spotify.com/episode/4H12YhoCrWvZGaA7WHh1l8,https://traffic.megaphone.fm/NPP6098667978.mp3?updated=1712278839
ko-235,235,193,#193: Pastores no MEC e as eleições,2022-03-25T10:50:00-03:00,Fabrício Queiroz,Fernando de Barros e Silva; Thais Bilenky; Ana Clara Costa,Ana Clara Costa,false,true,0.99,https://open.spotify.com/episode/3lSuqH1PiEQi5nTtF0SSwX,https://traffic.megaphone.fm/NPP5242731931.mp3?updated=1712278603
ko-234,234,194,#194: Entre blefes e bravatas,2022-04-01T10:50:00-03:00,Cláudio Castro,Fernando de Barros e Silva; Thais Bilenky; Ana Clara Costa,,false,false,0.96,https://open.spotify.com/episode/66iOjaLtVkdCFYLWuENfHx,https://traffic.megaphone.fm/NPP7048463281.mp3?updated=1698090536
ko-233,233,195,#195: Montado na caquistocracia,2022-04-08T10:50:00-03:00,Rodrigo Maia,Fernando de Barros e Silva; José Roberto de Toledo; Thais Bilenky,Thais Bilenky,false,true,0.96,https://open.spotify.com/episode/4wtbvCgsEB38Jq5xgvR8WL,https://traffic.megaphone.fm/NPP7410413474.mp3?updated=1712276547
ko-232,232,196,"#196: Sem escolas, com viagra",2022-04-15T09:53:07-03:00,Luiz Henrique Mandetta,Fernando de Barros e Silva; José Roberto de Toledo; Thais Bilenky,José Roberto de Toledo,false,true,0.99,https://open.spotify.com/episode/7ASlNzEgChCIsUTITwnByE,https://traffic.megaphone.fm/NPP7358498927.mp3?updated=1698090535
ko-231,231,197,#197: Bolsonaro e as sombras,2022-04-22T10:50:00-03:00,Gregório do Vivier,Fernando de Barros e Silva; José Roberto de Toledo; Thais Bilenky,Fernando de Barros e Silva,false,true,0.95,https://open.spotify.com/episode/1cLhoHYi4bvgi319Z8YXNu,https://traffic.megaphone.fm/NPP8093706304.mp3?updated=1712268559
ko-230,230,198,#198: O Twitter sou eu,2022-04-29T10:50:00-03:00,Michelle Bolsonaro,Fernando de Barros e Silva; José Roberto de Toledo; Thais Bilenky,Fernando de Barros e Silva,false,true,0.98,,https://traffic.megaphone.fm/NPP4603209706.mp3?updated=1712268497
ko-229,229,199,"#199: Bolsonaro, o sapo e a panela",2022-05-06T10:50:00-03:00,Heloísa Helena,Fernando de Barros e Silva; José Roberto de Toledo; Thais Bilenky,,false,false,0.97,https://open.spotify.com/episode/7CB5rwHbWX2DQYq8TGyjqY,https://traffic.megaphone.fm/NPP7396704830.mp3?updated=1712268232
ko-228,228,200,#200: A bomba de Bolsonaro,2022-05-13T10:50:00-03:00,Rodrigo Garcia,Fernando de Barros e Silva; José Roberto de Toledo; Thais Bilenky,Fernando de Barros e Silva,false,true,0.97,https://open.spotify.com/episode/1LZuGZtP4WdOvr7SZern7t,https://traffic.megaphone.fm/NPP6795255424.mp3?updated=1712267765
ko-227,227,201,"#201: Se ganhar, leva?",2022-05-20T10:50:00-03:00,Pastor Henrique Vieira,Fernando de Barros e Silva; José Roberto de Toledo; Ana Clara Costa,,false,false,0.98,,https://traffic.megaphone.fm/NPP1921276562.mp3?updated=1712267623
ko-226,226,202,"#202: BolsoCastro, Boy e Bala",2022-05-27T10:50:00-03:00,Fabiano Guimarães,Fernando de Barros e Silva; José Roberto de Toledo; Ana Clara Costa,Ana Clara Costa,false,true,0.99,https://open.spotify.com/episode/5mB1Op9OzrSOPQH92y6H18,https://traffic.megaphone.fm/NPP8465342930.mp3?updated=1712267585
ko-225,225,203,#203: A mamata do circo sem pão,2022-06-03T10:50:00-03:00,Eduardo Cunha,Fernando de Barros e Silva; José Roberto de Toledo; Thais Bilenky,,false,false,0.9,https://open.spotify.com/episode/1lgB7o56jItUQ8wpusbZgC,https://traffic.megaphone.fm/NPP9433463940.mp3?updated=1698090528
ko-224,224,204,#204: O desaparecimento da vergonha,2022-06-10T10:50:00-03:00,Tiago Leifert,Fernando de Barros e Silva; José Roberto de Toledo; Thais Bilenky,,false,false,0.95,https://open.spotify.com/episode/5OHycjRPxR8DpJFHIgeehG,https://traffic.megaphone.fm/NPP7365162586.mp3?updated=1698090526
ko-223,223,205,#205: Pelados em Brasília,2022-06-17T10:50:00-03:00,Renan Bolsonaro,Fernando de Barros e Silva; José Roberto de Toledo; Thais Bilenky,,false,false,0.96,https://open.spotify.com/episode/52jOCh0uhzbRMrv95gY7xD,https://traffic.megaphone.fm/NPP2417111390.mp3?updated=1712265127
ko-222,222,206,#206: O inverno de Bolsonaro,2022-06-24T12:22:00-03:00,Supla,Fernando de Barros e Silva; José Roberto de Toledo; Thais Bilenky,Thais Bilenky,false,true,0.97,https://open.spotify.com/episode/0IVxk6Nq6wONcVtRv18Z3I,https://traffic.megaphone.fm/NPP8289018939.mp3?updated=1712265028
ko-221,221,207,#207: Voto impresso em papel-moeda,2022-07-01T10:50:00-03:00,Frederick Wassef,Fernando de Barros e Silva; José Roberto de Toledo; Thais Bilenky,,false,false,0.98,https://open.spotify.com/episode/7ACUjigjoux3WcADxbD8dx,https://traffic.megaphone.fm/NPP9844664106.mp3?updated=1712264909
ko-220,220,208,#208: Naufrágio à vista,2022-07-08T10:50:00-03:00,Marcelo Crivella,Fernando de Barros e Silva; José Roberto de Toledo; Thais Bilenky,Fernando de Barros e Silva,false,true,0.98,https://open.spotify.com/episode/3iUEHwRyywc8rsSGDYKx2O,https://traffic.megaphone.fm/NPP1867028564.mp3?updated=1712264842
ko-219,219,209,"#209: Milicianismo, bala e voto",2022-07-15T10:50:00-03:00,Bia Kicis,Fernando de Barros e Silva; José Roberto de Toledo; Thais Bilenky,,false,false,0.98,https://open.spotify.com/episode/4wWyOipUCJk3ioSkgqoD8o,https://traffic.megaphone.fm/NPP5569357497.mp3?updated=1698090522
ko-218,218,210,#210: O circo do golpe,2022-07-22T10:43:00-03:00,Rogério Marinho,Fernando de Barros e Silva; José Roberto de Toledo; Thais Bilenky,,false,false,0.97,https://open.spotify.com/episode/1RTcQyaGxEe68uq5GSuP9X,https://traffic.megaphone.fm/NPP3272534298.mp3?updated=1698090521
ko-217,217,211,#211: Onze de Agosto surpreende Sete de Setembro,2022-07-29T10:50:00-03:00,Janaína Paschoal,Fernando de Barros e Silva; José Roberto de Toledo; Thais Bilenky,Thais Bilenky,false,true,0.96,https://open.spotify.com/episode/72WvpiAPO7o3hfQK7E6NTB,https://traffic.megaphone.fm/NPP4863990359.mp3?updated=1698090520
ko-216,216,212,#212: A escalada macabra de Bolsonaro,2022-08-05T10:50:00-03:00,Tom Zé,Fernando de Barros e Silva; José Roberto de Toledo; Thais Bilenky,José Roberto de Toledo,false,true,0.99,https://open.spotify.com/episode/4Kk1kdz0rbrphCa4pSqSOs,https://traffic.megaphone.fm/NPP4757817812.mp3?updated=1698090519
ko-214,214,213,"#213: Democracia, milícia e os golpes de Bolsonaro",2022-08-12T10:06:00-03:00,Luiz Felipe de Orleans e Bragança,Fernando de Barros e Silva; José Roberto de Toledo; Thais Bilenky,Thais Bilenky,false,true,0.99,https://open.spotify.com/episode/6gKCzVcBjsOYUKQwhOapba,https://traffic.megaphone.fm/NPP8293551417.mp3?updated=1712264000
ko-213,213,214,"#214: Deus, o cabo eleitoral",2022-08-19T10:50:00-03:00,Rosângela Moro,Fernando de Barros e Silva; José Roberto de Toledo; Thais Bilenky,Thais Bilenky,false,true,0.98,https://open.spotify.com/episode/2wbcpyAgmCCOB3W4GsqxOD,https://traffic.megaphone.fm/NPP6729557586.mp3?updated=1712263939
ko-212,212,215,#215: A hora da tevê,2022-08-26T10:50:00-03:00,Fernando Collor de Mello,Fernando de Barros e Silva; José Roberto de Toledo; Thais Bilenky,José Roberto de Toledo,false,true,0.99,,https://traffic.megaphone.fm/NPP7431297776.mp3?updated=1698090516
ko-211,211,216,#216: Bolsonaro e o medo de mulher,2022-09-03T15:43:00-03:00,Marco Aurélio Mello,Fernando de Barros e Silva; José Roberto de Toledo; Thais Bilenky,Fernando de Barros e Silva; José Roberto de Toledo,true,true,0.98,https://open.spotify.com/episode/4RrJDfz5Tm3cVWR6AgKGV7,https://traffic.megaphone.fm/NPP6692284261.mp3?updated=1698090515
ko-210,210,216,#216 Bolsonaro e o medo de mulher,2022-09-03T17:32:00-03:00,Marco Aurélio Mello,Fernando de Barros e Silva; José Roberto de Toledo; Thais Bilenky,Fernando de Barros e Silva; José Roberto de Toledo,true,true,0.96,https://open.spotify.com/episode/4RrJDfz5Tm3cVWR6AgKGV7,https://traffic.megaphone.fm/NPP6347688953.mp3?updated=1712263746
ko-209,209,217,"#217: Beijos, princesas e rainhas #sqn",2022-09-09T10:50:00-03:00,Luiz Felipe Dávila,Fernando de Barros e Silva; José Roberto de Toledo; Thais Bilenky,Fernando de Barros e Silva; Thais Bilenky,true,true,0.98,https://open.spotify.com/episode/0OQLZnWBX5gKDROWpu66CN,https://traffic.megaphone.fm/NPP4011353825.mp3?updated=1712263599
ko-208,208,218,"#218: O medo, as armas e a urna",2022-09-16T10:50:00-03:00,Sérgio Etchegoyen,Fernando de Barros e Silva; José Roberto de Toledo; Thais Bilenky,Thais Bilenky,false,true,0.96,https://open.spotify.com/episode/2VwwiqtIf3eFNoX47qxVn8,https://traffic.megaphone.fm/NPP6252404527.mp3?updated=1712263566
ko-207,207,219,"#219: Lula, Bolsonaro e o teto baixo",2022-09-23T10:50:00-03:00,Márcio França,Fernando de Barros e Silva; José Roberto de Toledo; Thais Bilenky,,false,false,0.96,https://open.spotify.com/episode/2KTGGVTJKWo0FOSZNVZVIl,https://traffic.megaphone.fm/NPP3466195345.mp3?updated=1712263523
ko-206,206,220,"#220: As pesquisas, o debate e a bagunça",2022-09-30T10:50:00-03:00,Felipe Neto,Fernando de Barros e Silva; José Roberto de Toledo; Thais Bilenky,Thais Bilenky,false,true,0.99,https://open.spotify.com/episode/5SnwD1CjAtpxJCc0F0W2K7,https://traffic.megaphone.fm/NPP9554409953.mp3?updated=1712262420
ko-205,205,221,#221: A luta final,2022-10-07T10:50:00-03:00,Arthur do Val,Fernando de Barros e Silva; José Roberto de Toledo; Thais Bilenky,José Roberto de Toledo,false,true,0.98,https://open.spotify.com/episode/7fSEp1CEapVEQSP0jDrt22,https://traffic.megaphone.fm/NPP6575505552.mp3?updated=1712262146
ko-204,204,222,"#222: Lula, o falso messias e a reatância",2022-10-14T10:50:00-03:00,Nikolas Ferreira,Fernando de Barros e Silva; José Roberto de Toledo; Thais Bilenky,José Roberto de Toledo; Thais Bilenky,true,true,0.96,https://open.spotify.com/episode/1PjAp6xSI0lArOXOlceILI,https://traffic.megaphone.fm/NPP6710835599.mp3?updated=1712262062
ko-203,203,223,"#223: O bolso, o voto e a enganação",2022-10-21T10:50:00-03:00,Braga Netto,Fernando de Barros e Silva; José Roberto de Toledo; Thais Bilenky,José Roberto de Toledo,false,true,0.98,https://open.spotify.com/episode/41PYg60KNkfdtHFoZiXr2j,https://traffic.megaphone.fm/NPP5183950350.mp3?updated=1712261925
ko-202,202,224,#224: Saída à la Jefferson,2022-10-28T10:45:00-03:00,Leonardo (cantor),Fernando de Barros e Silva; José Roberto de Toledo; Thais Bilenky,José Roberto de Toledo,false,true,0.92,https://open.spotify.com/episode/3LSpNmGgWCxA2FsdQKZVmy,https://traffic.megaphone.fm/NPP7445968642.mp3?updated=1712261893
ko-200,200,225,#225: A hora da mudança,2022-11-04T10:45:00-03:00,Denise Fraga,Fernando de Barros e Silva; José Roberto de Toledo; Thais Bilenky,José Roberto de Toledo,false,true,0.99,https://open.spotify.com/episode/6miu5cukYpsNmg5uJHfJQS,https://traffic.megaphone.fm/NPP9246840133.mp3?updated=1698090506
ko-199,199,226,#226: Cada coisa no seu lugar,2022-11-11T10:45:00-03:00,Carlos Lupi,Fernando de Barros e Silva; José Roberto de Toledo; Thais Bilenky,José Roberto de Toledo,false,true,0.98,https://open.spotify.com/episode/1ScCO6qjzeLgg4SlSEA2XN,https://traffic.megaphone.fm/NPP5706005953.mp3?updated=1712261678
ko-197,197,227,"#227: Dois presidentes, nenhum governo",2022-11-18T10:47:27-03:00,André Janones,Fernando de Barros e Silva; José Roberto de Toledo; Thais Bilenky; Bernardo Esteves,José Roberto de Toledo; Thais Bilenky,true,true,0.98,https://open.spotify.com/episode/4Mu3nJfWBWedq5ZXEtRZ5E,https://traffic.megaphone.fm/NPP1049498668.mp3?updated=1698090503
ko-196,196,228,#228: Truco! 6! 9! ZapXandão!,2022-11-25T10:47:00-03:00,Gilson Machado,Fernando de Barros e Silva; José Roberto de Toledo; Thais Bilenky,José Roberto de Toledo,false,true,0.79,https://open.spotify.com/episode/3S5o160yKtpxdQjep28gRQ,https://traffic.megaphone.fm/NPP8334520483.mp3?updated=1712261544
ko-195,195,229,#229: Bolsonaro calado vira alvo,2022-12-02T10:45:00-03:00,Walter Casagrande,Fernando de Barros e Silva; José Roberto de Toledo; Thais Bilenky,Thais Bilenky,false,true,0.98,https://open.spotify.com/episode/0hDQXxdpinwa0MppNpZj8z,https://traffic.megaphone.fm/NPP3817284528.mp3?updated=1712261488
ko-194,194,230,#230: Dinheiro acaba antes do governo,2022-12-09T10:43:00-03:00,Aécio Neves,Fernando de Barros e Silva; José Roberto de Toledo; Thais Bilenky,José Roberto de Toledo,false,true,0.93,https://open.spotify.com/episode/4xEO9z4ZUSwkYsvM9BbukV,https://traffic.megaphone.fm/NPP8685888829.mp3?updated=1712261222
ko-193,193,231,#231: O sabotador da democracia,2022-12-16T10:43:00-03:00,,Fernando de Barros e Silva; José Roberto de Toledo; Thais Bilenky,,false,false,0.98,https://open.spotify.com/episode/7oufmV6Y4KGKyBkdUOfLqh,https://traffic.megaphone.fm/NPP2213310637.mp3?updated=1712261176
ko-192,192,232,#232: Amigo oculto de ministérios,2022-12-23T10:43:00-03:00,Felipe Dávila,Fernando de Barros e Silva; Thais Bilenky; Ana Clara Costa,Fernando de Barros e Silva,false,true,0.94,https://open.spotify.com/episode/4qwz7En3fDMGS09u1rWBWq,https://traffic.megaphone.fm/NPP4127487565.mp3?updated=1712261052
ko-190,190,234,#234: Lula 3 - Materiais de construção,2023-01-06T10:43:00-03:00,Ernesto Araújo,Fernando de Barros e Silva; José Roberto de Toledo; Thais Bilenky,José Roberto de Toledo,false,true,0.98,https://open.spotify.com/episode/7AwATCjAow59VWuQ1vxRmZ,https://traffic.megaphone.fm/NPP2004027613.mp3?updated=1712260958
ko-188,188,235,#235: O golpe camuflado,2023-01-13T10:43:00-03:00,Silvio Almeida,Fernando de Barros e Silva; José Roberto de Toledo; Marina Dias; Samira Bueno; Lira Neto,Marina Dias,false,true,0.99,https://open.spotify.com/episode/0QxDYJjQHApmlpXvk5xHzE,https://traffic.megaphone.fm/NPP9923634221.mp3?updated=1712260875
ko-187,187,236,#236: Lula e a militância militar,2023-01-20T10:43:00-03:00,Soraya Thronicke,Fernando de Barros e Silva; José Roberto de Toledo; Bernardo Mello Franco; Natália Viana; Marcos Nobre,José Roberto de Toledo,false,true,0.98,https://open.spotify.com/episode/3F4z1D1HXTnXo3ecuOmpWb,https://traffic.megaphone.fm/NPP7908464363.mp3?updated=1712260822
ko-186,186,237,#237: Civilização Já,2023-01-27T10:43:00-03:00,Ivete Sangalo,Fernando de Barros e Silva; José Roberto de Toledo; Thais Bilenky,Thais Bilenky,false,true,0.99,https://open.spotify.com/episode/4kHNlNmQfuFzLpFP9k4FMK,https://traffic.megaphone.fm/NPP7366003121.mp3?updated=1712260731
ko-185,185,238,#238: Não olhe agora,2023-02-03T10:43:00-03:00,Antônio Carlos Magalhães Neto,Fernando de Barros e Silva; José Roberto de Toledo; Thais Bilenky; Braulio Borges,Thais Bilenky,false,true,0.99,https://open.spotify.com/episode/0S7jqEnCFTnqJCAwVAKnfb,https://traffic.megaphone.fm/NPP5487308585.mp3?updated=1712260392
ko-184,184,239,#239: Ouro feito de sangue,2023-02-10T10:43:00-03:00,Kim Kataguiri,José Roberto de Toledo; Thais Bilenky; Ana Clara Costa; Luciano Ramalho,Ana Clara Costa,false,true,0.99,https://open.spotify.com/episode/3pDPO6Qa94omOx5JwpqjT8,https://traffic.megaphone.fm/NPP3301720123.mp3?updated=1712260357
ko-183,183,240,#240: A jogada de Lula,2023-02-17T10:43:00-03:00,André de Paula,José Roberto de Toledo; Thais Bilenky; Ana Clara Costa,Ana Clara Costa,false,true,0.98,https://open.spotify.com/episode/7HOJdXjbOSF3umuwdgZ4qY,https://traffic.megaphone.fm/NPP8863045382.mp3?updated=1698090490
ko-182,182,241,#241: Tá mudado vai mudar mais,2023-02-24T10:43:00-03:00,Magno Malta,Thais Bilenky; José Roberto de Toledo; Ana Clara Costa; Marcelo Rubens Paiva,,false,false,0.96,https://open.spotify.com/episode/4bnwWwqdAKaHncJxhETGOO,https://traffic.megaphone.fm/NPP4926340679.mp3?updated=1698090489
ko-181,181,242,"#242: Lula, generais e as preposições",2023-03-03T10:50:00-03:00,Carla Zambelli,Fernando de Barros e Silva; José Roberto de Toledo; Thais Bilenky,Thais Bilenky,false,true,0.99,https://open.spotify.com/episode/1y2i6cpExzY1hceoYltwSL,https://traffic.megaphone.fm/NPP1918748057.mp3?updated=1712259881
ko-180,180,243,#243: Os diamantes de Bolsonaro,2023-03-10T10:43:38-03:00,Sérgio Cabral,Fernando de Barros e Silva; José Roberto de Toledo; Thais Bilenky,Fernando de Barros e Silva,false,true,0.99,https://open.spotify.com/episode/4HGkbN5QaB1fjrh7RNucSi,https://traffic.megaphone.fm/NPP4616066136.mp3?updated=1698090487
ko-179,179,244,"#244: Direita, (de)volver!",2023-03-17T10:45:00-03:00,Alberto Fraga,Fernando de Barros e Silva; José Roberto de Toledo; Thais Bilenky,,false,false,0.98,https://open.spotify.com/episode/01RpLg02LOY463BueMeWCJ,https://traffic.megaphone.fm/NPP6951434178.mp3?updated=1712257786
ko-178,178,245,#245: Humanidade é o novo asteroide?,2023-03-24T10:45:01-03:00,Tarcísio de Freitas,Fernando de Barros e Silva; José Roberto de Toledo; Thais Bilenky,Fernando de Barros e Silva,false,true,0.98,https://open.spotify.com/episode/077JbCKuqBofwf3cYhlrw3,https://traffic.megaphone.fm/NPP6817689120.mp3?updated=1698090486
ko-177,177,246,"#246: Partidas, chegadas e tragédias",2023-03-31T10:45:00-03:00,,Fernando de Barros e Silva; José Roberto de Toledo; Thaís Oyama,José Roberto de Toledo,false,false,0.88,https://open.spotify.com/episode/0oCIB2zhvCQdwtYAaxymbh,https://traffic.megaphone.fm/NPP2815852620.mp3?updated=1712257722
ko-176,176,247,#247: As dores de cabeça de Lula,2023-04-07T10:45:01-03:00,Ciro Nogueira,Fernando de Barros e Silva; José Roberto de Toledo; Thais Bilenky,Thais Bilenky,false,true,0.99,,https://traffic.megaphone.fm/NPP1935814223.mp3?updated=1698090484
ko-175,175,248,#248: Negócios da China,2023-04-14T10:45:01-03:00,José Dirceu,Fernando de Barros e Silva; José Roberto de Toledo; Thais Bilenky,Thais Bilenky,false,true,0.97,https://open.spotify.com/episode/7GdGKwempVmR0fE2k3xpJA,https://traffic.megaphone.fm/NPP7258910391.mp3?updated=1698090483
ko-174,174,248,#249: Enodado pela boca,2023-04-21T10:45:01-03:00,Guilherme Boulos,Fernando de Barros e Silva; José Roberto de Toledo; Thais Bilenky,,false,false,0.98,https://open.spotify.com/episode/7GdGKwempVmR0fE2k3xpJA,https://traffic.megaphone.fm/NPP6138518104.mp3?updated=1698090482
ko-173,173,248,#250: Caçarola da CPI vai ao fogo,2023-04-28T10:45:01-03:00,João Dória,Fernando de Barros e Silva; José Roberto de Toledo; Thais Bilenky,Thais Bilenky,false,true,0.99,https://open.spotify.com/episode/7GdGKwempVmR0fE2k3xpJA,https://traffic.megaphone.fm/NPP8823075448.mp3?updated=1698090481
ko-172,172,251,#251: O falso messias,2023-05-05T10:07:25-03:00,Valdemar Costa Neto,Fernando de Barros e Silva; José Roberto de Toledo; Thais Bilenky,Thais Bilenky,false,true,0.98,,https://traffic.megaphone.fm/NPP9616573082.mp3?updated=1698090480
ko-171,171,252,#252: Morreu e foi para a cadeia,2023-05-12T10:45:01-03:00,Tom Zé,Fernando de Barros e Silva; José Roberto de Toledo; Thais Bilenky,José Roberto de Toledo,false,true,0.99,https://open.spotify.com/episode/4gbGPjMMRh0rWGaPQ7D17P,https://traffic.megaphone.fm/NPP4178941082.mp3?updated=1698090479
ko-169,169,254,#254: Um chute no preconceito,2023-05-26T10:45:02-03:00,Hamilton Mourão,Fernando de Barros e Silva; José Roberto de Toledo; Thais Bilenky,Thais Bilenky,false,true,0.99,https://open.spotify.com/episode/3hW3jmOfi0GQ6T3j92P9jd,https://traffic.megaphone.fm/NPP8918204126.mp3?updated=1698090477
ko-168,168,255,#255: Ordenhando a boiada,2023-06-02T10:45:01-03:00,Damares Alves,Fernando de Barros e Silva; José Roberto de Toledo; Thais Bilenky,Thais Bilenky,false,true,0.98,,https://traffic.megaphone.fm/NPP8020579195.mp3?updated=1698090476
ko-167,167,256,"#256: Vai que é tua, Lira!",2023-06-09T10:45:01-03:00,,Fernando de Barros e Silva; José Roberto de Toledo; Thais Bilenky,Thais Bilenky,false,false,0.79,https://open.spotify.com/episode/57kx1eFzxtKa88ztO650OB,https://traffic.megaphone.fm/NPP7284150687.mp3?updated=1698090475
ko-166,166,257,#257: O ministro que escapou do tiroteio,2023-06-16T10:45:00-03:00,Marcelo Queiroga,Fernando de Barros e Silva; José Roberto de Toledo; Thais Bilenky,,false,false,0.59,https://open.spotify.com/episode/7ag8j0P2FtNi1QOzQXaXq3,https://traffic.megaphone.fm/NPP5198767809.mp3?updated=1712255528
ko-165,165,258,"#258: Balão vai, balão cai",2023-06-23T10:55:01-03:00,Erika Hilton,Fernando de Barros e Silva; José Roberto de Toledo; Thais Bilenky,Fernando de Barros e Silva,false,true,0.98,https://open.spotify.com/episode/68cILqUxaMQLPPloiZIirO,https://traffic.megaphone.fm/NPP3849471384.mp3?updated=1698090473
ko-164,164,259,#259: O espocar dos votos no TSE,2023-06-30T11:00:02-03:00,Luana Piovani,Fernando de Barros e Silva; José Roberto de Toledo; Thais Bilenky,,false,false,0.98,https://open.spotify.com/episode/0Z35jKk7tqeWYxCsogB9AY,https://traffic.megaphone.fm/NPP7833455877.mp3?updated=1698090472
ko-163,163,260,#260: No barco com Safadão,2023-07-07T10:45:02-03:00,Janja,Fernando de Barros e Silva; José Roberto de Toledo; Thais Bilenky,Thais Bilenky,false,true,0.95,https://open.spotify.com/episode/1IxgPaD3w60WVbxR1vh62S,https://traffic.megaphone.fm/NPP6346871642.mp3?updated=1698090471
ko-162,162,261,"#261: Um banquinho, um violão",2023-07-14T10:45:02-03:00,Beto Richa,Fernando de Barros e Silva; José Roberto de Toledo; Thais Bilenky,,false,false,0.98,https://open.spotify.com/episode/3Y8tkOEWqgc9hx8CuJ0JPJ,https://traffic.megaphone.fm/NPP6966370281.mp3?updated=1698090470
ko-161,161,262,#262: O equilibrismo de Xandão,2023-07-21T10:45:01-03:00,Rogério Marinho,Fernando de Barros e Silva; José Roberto de Toledo; Thais Bilenky,José Roberto de Toledo,false,true,0.99,https://open.spotify.com/episode/3JwM3kHVKlVvF4XLIRPvmf,https://traffic.megaphone.fm/NPP2568629915.mp3?updated=1698090469
ko-159,159,263,"#263: Marielle, as armas e a armação",2023-07-28T10:45:02-03:00,Hamilton Mourão,Fernando de Barros e Silva; José Roberto de Toledo; Thais Bilenky,,false,false,0.98,https://open.spotify.com/episode/7kFuuV8asTwQCNdtpVkPp3,https://traffic.megaphone.fm/NPP9905728896.mp3?updated=1698090467
ko-157,157,264,#264: A dependência de Tarcísio,2023-08-04T10:45:00-03:00,Baleia Rossi,Fernando de Barros e Silva; José Roberto de Toledo; Thais Bilenky,,false,false,0.98,https://open.spotify.com/episode/4tyfwbnF6Q4GhotyoKazae,https://traffic.megaphone.fm/NPP6643226772.mp3?updated=1712255042
ko-155,155,265,#265: Polícia contra polícia,2023-08-11T10:45:01-03:00,Sâmia Bonfim,Fernando de Barros e Silva; José Roberto de Toledo; Thais Bilenky,Fernando de Barros e Silva,false,true,0.97,https://open.spotify.com/episode/1Fnz2Hz9aLmEn95HZy2q4L,https://traffic.megaphone.fm/NPP2833553071.mp3?updated=1698090463
ko-153,153,266,#266: Militares em crise,2023-08-18T10:45:02-03:00,Ronaldo Caiado,Fernando de Barros e Silva; José Roberto de Toledo; Thais Bilenky,José Roberto de Toledo,false,true,0.99,https://open.spotify.com/episode/7gJRub0lkBDG6ohUicoTs8,https://traffic.megaphone.fm/NPP2168746168.mp3?updated=1698090461
ko-151,151,267,#267: Harmonização criminal de Bolsonaro,2023-08-25T10:45:02-03:00,Paulo Guedes,Fernando de Barros e Silva; José Roberto de Toledo; Thais Bilenky,José Roberto de Toledo,false,true,0.98,https://open.spotify.com/episode/2QuweOl83oHqHcCYFvlAbW,https://traffic.megaphone.fm/NPP9527106466.mp3?updated=1698090459
ko-149,149,268,#268: Os votos de Zanin e os donos do Brasil,2023-09-01T10:45:02-03:00,Juliette,Fernando de Barros e Silva; José Roberto de Toledo; Thais Bilenky,José Roberto de Toledo,false,true,0.98,https://open.spotify.com/episode/0OZIRjmkqnqTR1OqeVbsuA,https://traffic.megaphone.fm/NPP2089658346.mp3?updated=1698090458
ko-147,147,269,"#269: Bolas, boladas e Fufucas",2023-09-08T10:40:01-03:00,Aécio Neves,Fernando de Barros e Silva; José Roberto de Toledo; Thais Bilenky,,false,false,0.98,https://open.spotify.com/episode/2TnMzYfUTRziYShj8OrX9T,https://traffic.megaphone.fm/NPP2422932193.mp3?updated=1698090456
ko-146,146,270,#270: Crimes & castigos & outros delitos,2023-09-15T10:40:02-03:00,Paulo Pimenta,Fernando de Barros e Silva; Thais Bilenky; Luigi Maza,Luigi Maza,false,true,0.98,https://open.spotify.com/episode/1WcFYkizzLuO7vobZh0kaP,https://traffic.megaphone.fm/NPP8239090242.mp3?updated=1698090455
ko-145,145,271,"#271: O golpe, o STF e os dois centrões",2023-09-22T10:40:01-03:00,Paulo Guedes,Fernando de Barros e Silva; Thais Bilenky; Ana Clara Costa; Marcos Nobre,Thais Bilenky,false,true,0.98,https://open.spotify.com/episode/2LF34AHAM0MOlvN19zxQct,https://traffic.megaphone.fm/NPP8773208669.mp3?updated=1698090454
ko-144,144,272,"#272: Golpes, marcos e próteses",2023-09-29T10:40:02-03:00,João Dória,Fernando de Barros e Silva; José Roberto de Toledo; Thais Bilenky,Thais Bilenky,false,true,0.99,https://open.spotify.com/episode/4kanvlRJSQuswM1rdxBDq3,https://traffic.megaphone.fm/NPP7298842352.mp3?updated=1698090453
ko-143,143,273,#273: Chacinas em série,2023-10-06T10:40:02-03:00,Roberto Campos Neto,Fernando de Barros e Silva; José Roberto de Toledo; Thais Bilenky,Thais Bilenky,false,true,0.98,https://open.spotify.com/episode/2OXRHDZ5qCbL1pGiuy2rFu,https://traffic.megaphone.fm/NPP9255036495.mp3?updated=1698090452
ko-142,142,274,#274: A guerra,2023-10-13T10:40:02-03:00,Alexandre de Moraes,Fernando de Barros e Silva; José Roberto de Toledo; Ana Clara Costa,Ana Clara Costa; José Roberto de Toledo,true,true,0.91,https://open.spotify.com/episode/7fz7kZuzOrKsNUtJl0rdUs,https://traffic.megaphone.fm/NPP7718500621.mp3?updated=1698090452
ko-141,141,275,#275: Lula e os donos da bola,2023-10-20T10:45:00-03:00,Felipe Neto,Fernando de Barros e Silva; José Roberto de Toledo; Thais Bilenky,Fernando de Barros e Silva,false,true,0.78,https://open.spotify.com/episode/1HTbSvyHoi0xJCfRNJFXl5,https://traffic.megaphone.fm/NPP8781277899.mp3?updated=1712254174
ko-140,140,276,"#276: Milicianos, arapongas e vice-versa",2023-10-27T09:43:15-03:00,Beth Mendes,Fernando de Barros e Silva; José Roberto de Toledo; Ana Clara Costa; Thais Bilenky,,false,false,0.96,https://open.spotify.com/episode/0Q9pYc0zNvqGRCuuHEGcXg,https://traffic.megaphone.fm/NPP2996203424.mp3?updated=1698410911
ko-138,138,,O presente de Lula e o futuro de Bolsonaro,2024-03-15T10:45:00-03:00,Ronaldo Caiado,Fernando de Barros e Silva; Ana Clara Costa; Celso Rocha de Barros,Ana Clara Costa,false,true,0.99,,https://traffic.megaphone.fm/NPP4171073727.mp3?updated=1710505886
ko-137,137,,Lula entre os evangélicos e dois golpes,2024-03-22T10:45:00-03:00,Luciano Bivar,Fernando de Barros e Silva; Ana Clara Costa; Celso Rocha de Barros,Celso Rocha de Barros,false,true,0.99,,https://traffic.megaphone.fm/NPP8925944299.mp3?updated=1712949150
ko-135,135,,"O caso Marielle, o caso Maduro e o caso do pijama",2024-03-29T10:45:00-03:00,Kim Kataguiri,Fernando de Barros e Silva; Ana Clara Costa; Celso Rocha de Barros,Celso Rocha de Barros,false,true,0.99,,https://traffic.megaphone.fm/EDITORAALVINEGRALTDAREVISTAPIAU3668923014.mp3?updated=1712949134
ko-134,134,,"O juiz, os jogadores e as regras do jogo",2024-04-05T10:40:00-03:00,Ciro Nogueira,Fernando de Barros e Silva; Ana Clara Costa; Celso Rocha de Barros,Ana Clara Costa,true,true,0.96,,https://traffic.megaphone.fm/EDITORAALVINEGRALTDAREVISTAPIAU5913667266.mp3?updated=1712949117
ko-133,133,,A direita estúpida e a economia,2024-04-12T10:40:00-03:00,Jorge Kajuru,Fernando de Barros e Silva; Ana Clara Costa; Celso Rocha de Barros,Fernando de Barros e Silva,false,true,0.98,,https://traffic.megaphone.fm/EDITORAALVINEGRALTDAREVISTAPIAU2535805869.mp3?updated=1712949098
ko-132,132,,"Drogas ilegais, drogas legais e juízes sem juízo",2024-04-19T10:40:00-03:00,Jorge Kajuru,Fernando de Barros e Silva; Ana Clara Costa; Celso Rocha de Barros,Celso Rocha de Barros,false,true,0.95,,https://traffic.megaphone.fm/EDITORAALVINEGRALTDAREVISTAPIAU6014245095.mp3?updated=1713533167
ko-131,131,,"A reação de Lula, a ofensiva de Tarcísio e o retrocesso ambiental",2024-04-26T10:40:00-03:00,Armínio Fraga,Fernando de Barros e Silva; Ana Clara Costa; Celso Rocha de Barros; Bernardo Esteves,Celso Rocha de Barros,false,true,0.98,,https://traffic.megaphone.fm/EDITORAALVINEGRALTDAREVISTAPIAU2996374700.mp3?updated=1714136300
ko-130,130,,"Moderados, desonerados e desaparecidos",2024-05-03T10:40:00-03:00,Edson Lobão,Fernando de Barros e Silva; Ana Clara Costa; Celso Rocha de Barros,Celso Rocha de Barros,false,true,0.99,,https://traffic.megaphone.fm/EDITORAALVINEGRALTDAREVISTAPIAU4985488982.mp3?updated=1714741779
ko-129,129,,Dentro da tempestade: as chuvas e a política na tragédia do Rio Grande do Sul,2024-05-10T10:40:00-03:00,Antônio Garotinho,Fernando de Barros e Silva; Ana Clara Costa; Celso Rocha de Barros; Bernardo Esteves,,false,false,0.98,,https://traffic.megaphone.fm/EDITORAALVINEGRALTDAREVISTAPIAU5169882527.mp3?updated=1715345976
ko-127,127,,"A reconstrução do Sul, o recuo de Moraes e a mudança na Petrobras",2024-05-17T10:40:00-03:00,José Múcio,Fernando de Barros e Silva; Ana Clara Costa; Celso Rocha de Barros,Ana Clara Costa,false,true,0.99,,https://traffic.megaphone.fm/EDITORAALVINEGRALTDAREVISTAPIAU1258349699.mp3?updated=1715950192
ko-125,125,,"Os limites do governador, do ex-juiz e das big techs",2024-05-24T10:40:00-03:00,Joyce Hasselmann,Fernando de Barros e Silva; Ana Clara Costa; Celso Rocha de Barros,,false,false,0.69,,https://traffic.megaphone.fm/EDITORAALVINEGRALTDAREVISTAPIAU8829117921.mp3?updated=1716556466
ko-123,123,,"Sem saidinha, sem câmeras e sem saúde",2024-05-31T10:46:00-03:00,Aldo Rebelo,Fernando de Barros e Silva; Ana Clara Costa; Celso Rocha de Barros,Celso Rocha de Barros,false,true,0.99,,https://traffic.megaphone.fm/EDITORAALVINEGRALTDAREVISTAPIAU2259651903.mp3?updated=1717160409
ko-121,121,,"Praias, escolas e outros negócios do centrão",2024-06-07T10:45:00-03:00,Geraldo Alckmin,Fernando de Barros e Silva; Celso Rocha de Barros; Ana Clara Costa,,false,false,0.95,,https://traffic.megaphone.fm/EDITORAALVINEGRALTDAREVISTAPIAU1787259511.mp3?updated=1717765314
ko-119,119,,"Aborto, Trump e a cilada brasileira",2024-06-14T10:45:00-03:00,Roberto Justus,Fernando de Barros e Silva; Celso Rocha de Barros; Marina Dias; Marcos Nobre,Celso Rocha de Barros,false,true,0.99,,https://traffic.megaphone.fm/EDITORAALVINEGRALTDAREVISTAPIAU7932069421.mp3?updated=1718370231
ko-117,117,,"A economia, as eleições e a estupidez",2024-06-21T11:00:00-03:00,Onyx Lorenzoni,Fernando de Barros e Silva; Celso Rocha de Barros; Ana Clara Costa,,false,false,0.99,,https://traffic.megaphone.fm/EDITORAALVINEGRALTDAREVISTAPIAU2157475599.mp3?updated=1718975713
ko-116,116,,"As drogas, as fortunas e as queimadas",2024-06-28T10:45:00-03:00,Damares Alves,Fernando de Barros e Silva; Ana Clara Costa; Celso Rocha de Barros; Bernardo Esteves,Ana Clara Costa,false,true,0.99,,https://traffic.megaphone.fm/EDITORAALVINEGRALTDAREVISTAPIAU3048280342.mp3?updated=1719579199
ko-115,115,,"Dólar no Brasil, eleições na Europa e viagens internacionais no STF",2024-07-05T10:40:00-03:00,Omar Aziz,Fernando de Barros e Silva; Ana Clara Costa; Celso Rocha de Barros,Celso Rocha de Barros,false,true,0.99,,https://traffic.megaphone.fm/EDITORAALVINEGRALTDAREVISTAPIAU6779724971.mp3?updated=1720185170
ko-114,114,,"Joias, pérolas e eleições",2024-07-12T10:00:00-03:00,Ratinho Júnior,Fernando de Barros e Silva; Celso Rocha de Barros; Ana Clara Costa,,false,false,0.98,,https://traffic.megaphone.fm/EDITORAALVINEGRALTDAREVISTAPIAU4919205158.mp3?updated=1721394372
ko-113,113,,Violência americana e violências brasileiras,2024-07-19T09:42:00-03:00,Ciro Nogueira,Fernando de Barros e Silva; Ana Clara Costa; Celso Rocha de Barros,Celso Rocha de Barros,false,true,0.99,,https://traffic.megaphone.fm/EDITORAALVINEGRALTDAREVISTAPIAU2508244573.mp3?updated=1721394565
ko-112,112,,"Kamala, Maduro e os desafios da democracia na América",2024-07-26T10:14:00-03:00,Eike Batista,Fernando de Barros e Silva; Ana Clara Costa; Celso Rocha de Barros,,false,false,0.99,,https://traffic.megaphone.fm/EDITORAALVINEGRALTDAREVISTAPIAU3343313395.mp3?updated=1722001110
ko-111,111,,"Votos, atas e eleições",2024-08-02T09:34:00-03:00,Frederico Assef,Fernando de Barros e Silva; Ana Clara Costa; Celso Rocha de Barros,Celso Rocha de Barros,false,true,0.99,,https://traffic.megaphone.fm/EDITORAALVINEGRALTDAREVISTAPIAU5867916781.mp3?updated=1722604206
ko-110,110,,"A fúria dos mercados, a fraude das emendas e a farsa de Maduro",2024-08-09T10:30:00-03:00,Rogério Marinho,Fernando de Barros e Silva; Ana Clara Costa; Celso Rocha de Barros,Fernando de Barros e Silva,false,true,0.98,,https://traffic.megaphone.fm/EDITORAALVINEGRALTDAREVISTAPIAU8900742232.mp3?updated=1723208729
ko-109,109,,"Kamala, Xandão e Delfim Netto",2024-08-16T10:19:58-03:00,Nelson Jobim,Fernando de Barros e Silva; Celso Rocha de Barros; Marina Dias,,false,false,0.9,,https://traffic.megaphone.fm/EDITORAALVINEGRALTDAREVISTAPIAU6406931359.mp3?updated=1723814706
ko-108,108,,"A manobra em Brasília, o embuste em São Paulo e o déspota em Caracas",2024-08-23T09:14:00-03:00,Marcel Van Hatten,Fernando de Barros e Silva; Ana Clara Costa; Celso Rocha de Barros; Breno Pires,Celso Rocha de Barros,false,true,0.98,,https://traffic.megaphone.fm/EDITORAALVINEGRALTDAREVISTAPIAU5762743606.mp3?updated=1724417289
ko-107,107,,"Eleições, queimadas e desigualdade: um país em chamas",2024-08-30T09:55:00-03:00,Rodrigo Maia,Fernando de Barros e Silva; Ana Clara Costa; Celso Rocha de Barros; Bernardo Esteves,Celso Rocha de Barros,false,true,0.98,,https://traffic.megaphone.fm/EDITORAALVINEGRALTDAREVISTAPIAU3068176602.mp3?updated=1725027175
ko-106,106,,"Musk, Marçal e centrão: o xis das questões",2024-09-06T09:34:34-03:00,Luciano Huck,Fernando de Barros e Silva; Ana Clara Costa; Celso Rocha de Barros,Ana Clara Costa,false,true,0.98,,https://traffic.megaphone.fm/EDITORAALVINEGRALTDAREVISTAPIAU7572790409.mp3?updated=1725628295
ko-105,105,,"No país da seca, do assédio e do golpismo",2024-09-13T09:24:34-03:00,Eduardo Cunha,Fernando de Barros e Silva; Ana Clara Costa; Celso Rocha de Barros; Bernardo Esteves,Celso Rocha de Barros,false,true,0.99,,https://traffic.megaphone.fm/EDITORAALVINEGRALTDAREVISTAPIAU3343431016.mp3?updated=1726232398
ko-104,104,,"Terra sem lei: incêndios, jogatina e cadeiradas",2024-09-20T09:34:00-03:00,Jorginho Mello,Fernando de Barros e Silva; Ana Clara Costa; Celso Rocha de Barros,Ana Clara Costa,false,true,0.97,,https://traffic.megaphone.fm/EDITORAALVINEGRALTDAREVISTAPIAU4904604796.mp3?updated=1726838628
ko-103,103,,"O Brasil na ONU, na urna e no TJ",2024-09-27T09:47:00-03:00,Caio Coppola,Fernando de Barros e Silva; Celso Rocha de Barros; Ana Clara Costa,Celso Rocha de Barros,false,true,0.98,,https://traffic.megaphone.fm/EDITORAALVINEGRALTDAREVISTAPIAU6306736032.mp3?updated=1727444103
ko-102,102,,As eleições e a guerra,2024-10-04T09:36:00-03:00,Laerte,Fernando de Barros e Silva; Ana Clara Costa; Celso Rocha de Barros,Fernando de Barros e Silva,false,true,0.85,,https://traffic.megaphone.fm/EDITORAALVINEGRALTDAREVISTAPIAU9042337967.mp3?updated=1728046763
ko-101,101,,"Eleições: A farra da direita, o drama da esquerda e algumas dúvidas para 2026",2024-10-11T09:51:27-03:00,José Dirceu,Fernando de Barros e Silva; Ana Clara Costa; Celso Rocha de Barros,Celso Rocha de Barros,false,true,0.99,,https://traffic.megaphone.fm/EDITORAALVINEGRALTDAREVISTAPIAU9130516685.mp3?updated=1728652334
ko-100,100,,Eleições e descalabros,2024-10-18T09:42:00-03:00,José Múcio,Fernando de Barros e Silva; Ana Clara Costa; Celso Rocha de Barros,Celso Rocha de Barros,false,true,0.95,,https://traffic.megaphone.fm/EDITORAALVINEGRALTDAREVISTAPIAU2205609926.mp3?updated=1729861186
ko-99,99,,"As eleições, os Brics e a lama",2024-10-25T09:41:00-03:00,Valdemar Costa Neves,Fernando de Barros e Silva; Ana Clara Costa; Celso Rocha de Barros,Celso Rocha de Barros,false,true,0.96,,https://traffic.megaphone.fm/EDITORAALVINEGRALTDAREVISTAPIAU1563120023.mp3?updated=1729861098
ko-98,98,,A ameaça à democracia e os assassinos de Marielle,2024-11-01T09:28:00-03:00,Jader Barbalho,Fernando de Barros e Silva; Ana Clara Costa; Marina Dias,,false,false,0.98,,https://traffic.megaphone.fm/EDITORAALVINEGRALTDAREVISTAPIAU1616911722.mp3?updated=1730470912
ko-97,97,,"A vitória de Trump, um compêndio de horrores",2024-11-08T09:26:00-03:00,Valdemar Costa Neto,Fernando de Barros e Silva; Ana Clara Costa; Marina Dias,,false,false,0.95,,https://traffic.megaphone.fm/EDITORAALVINEGRALTDAREVISTAPIAU4435569884.mp3?updated=1731070948
ko-96,96,,"Bombas em Brasília, execução em São Paulo e o país do 6 x 1",2024-11-15T09:38:00-03:00,,Fernando de Barros e Silva; Ana Clara Costa; Celso Rocha de Barros,,false,false,0.97,,https://traffic.megaphone.fm/EDITORAALVINEGRALTDAREVISTAPIAU3133837646.mp3?updated=1731676244
ko-95,95,,O golpe e a diplomacia,2024-11-22T09:57:00-03:00,Eduardo Paes,Fernando de Barros e Silva; Ana Clara Costa; Celso Rocha de Barros,Ana Clara Costa,false,true,0.98,,https://traffic.megaphone.fm/EDITORAALVINEGRALTDAREVISTAPIAU8701016153.mp3?updated=1732281677
ko-94,94,,O cerco à rataria e o ajuste de Haddad,2024-11-29T10:18:00-03:00,Ricardo Salles,Fernando de Barros e Silva; Ana Clara Costa; Celso Rocha de Barros,Ana Clara Costa,false,true,0.99,,https://traffic.megaphone.fm/EDITORAALVINEGRALTDAREVISTAPIAU2051933594.mp3?updated=1732887441
ko-93,93,,"Gastos, emendas e mortes",2024-12-06T10:22:00-03:00,Rogério Marinho,Fernando de Barros e Silva; Ana Clara Costa; Celso Rocha de Barros,Ana Clara Costa,false,true,0.99,,https://traffic.megaphone.fm/EDITORAALVINEGRALTDAREVISTAPIAU9299705868.mp3?updated=1733492612
ko-92,92,,"A saúde de Lula, o país da gambiarra e os pobres de Milei",2024-12-13T10:03:00-03:00,Sérgio Moro,Fernando de Barros e Silva; Ana Clara Costa; Celso Rocha de Barros,Ana Clara Costa,false,true,0.98,,https://traffic.megaphone.fm/EDITORAALVINEGRALTDAREVISTAPIAU2116811977.mp3?updated=1734550604
ko-91,91,,"Meio pacote, uma prisão, nenhuma anistia",2024-12-20T09:48:35-03:00,Ângelo Coronel,Fernando de Barros e Silva; Ana Clara Costa; Celso Rocha de Barros,,false,false,0.98,,https://traffic.megaphone.fm/EDITORAALVINEGRALTDAREVISTAPIAU8312020823.mp3?updated=1734699838
ko-88,88,,"O pix, as bets e o cessar-fogo",2025-01-17T10:30:00-03:00,Alexandre Padilha,Fernando de Barros e Silva; Ana Clara Costa; Celso Rocha de Barros; João Batista Júnior,,false,false,0.97,,https://traffic.megaphone.fm/EDITORAALVINEGRALTDAREVISTAPIAU1740747122.mp3?updated=1737121922
ko-87,87,,Cruzada obscurantista e aceno ao nazismo: a volta de Trump,2025-01-24T09:24:00-03:00,Marcos Pontes,Fernando de Barros e Silva; Ana Clara Costa; Celso Rocha de Barros,,false,false,0.96,,https://traffic.megaphone.fm/EDITORAALVINEGRALTDAREVISTAPIAU4171389787.mp3?updated=1737722576
ko-86,86,,"Lula em baixa, Centrão em alta e deportações em massa",2025-01-31T09:40:00-03:00,Simone Tebet,Fernando de Barros e Silva; Ana Clara Costa; Celso Rocha de Barros,Fernando de Barros e Silva,false,true,0.98,,https://traffic.megaphone.fm/EDITORAALVINEGRALTDAREVISTAPIAU3863048520.mp3?updated=1738327896
ko-85,85,,As ameaças de Trump e os problemas de Lula,2025-02-07T09:21:00-03:00,Ciro Nogueira,Fernando de Barros e Silva; Ana Clara Costa; Marina Dias,Ana Clara Costa,false,true,0.99,,https://traffic.megaphone.fm/EDITORAALVINEGRALTDAREVISTAPIAU3213397832.mp3?updated=1738934248
ko-84,84,,"Lula reforma, Trump demole e golpistas se excitam",2025-02-14T09:30:00-03:00,Jilmar Tatto,Fernando de Barros e Silva; Ana Clara Costa; Celso Rocha de Barros,Ana Clara Costa,false,true,0.98,,https://traffic.megaphone.fm/EDITORAALVINEGRALTDAREVISTAPIAU8685326817.mp3?updated=1739538489
ko-83,83,,O cerco a Bolsonaro e os dilemas de Lula,2025-02-21T09:56:00-03:00,Eduardo Pazuello,Fernando de Barros e Silva; Ana Clara Costa; Celso Rocha de Barros,,false,false,0.98,,https://traffic.megaphone.fm/EDITORAALVINEGRALTDAREVISTAPIAU4830418292.mp3?updated=1740143695
ko-82,82,,"A queda de Lula, o nó da segurança pública e a farra da extrema direita",2025-02-28T09:58:26-03:00,José Sarney,Fernando de Barros e Silva; Ana Clara Costa; Celso Rocha de Barros,Ana Clara Costa,false,true,0.98,,https://traffic.megaphone.fm/EDITORAALVINEGRALTDAREVISTAPIAU4627590789.mp3?updated=1740748631
ko-81,81,,"O efeito Gleisi, a guerra da Ucrânia e a festa do Oscar",2025-03-07T09:58:00-03:00,Marconi Perillo,Fernando de Barros e Silva; Ana Clara Costa; Celso Rocha de Barros,Ana Clara Costa,false,true,0.99,,https://traffic.megaphone.fm/EDITORAALVINEGRALTDAREVISTAPIAU4299069059.mp3?updated=1741352631
ko-80,80,,"Trump em crise, PT em disputa e assédio em questão",2025-03-14T10:46:00-03:00,,Fernando de Barros e Silva; Celso Rocha de Barros; Marina Dias,Marina Dias,false,false,0.96,,https://traffic.megaphone.fm/EDITORAALVINEGRALTDAREVISTAPIAU3263782387.mp3?updated=1741960286
ko-79,79,,"Impostos, protestos e deportações",2025-03-21T10:06:00-03:00,Silas Malafaia,Fernando de Barros e Silva; Celso Rocha de Barros; Marina Dias,Celso Rocha de Barros,false,true,0.97,,https://traffic.megaphone.fm/EDITORAALVINEGRALTDAREVISTAPIAU1752898319.mp3?updated=1742563488
ko-78,78,,A denúncia de Bolsonaro e os planos de guerra de Trump,2025-03-30T14:30:00-03:00,Celso Amorim,Fernando de Barros e Silva; Celso Rocha de Barros; Marina Dias,,false,false,0.95,,https://traffic.megaphone.fm/EDITORAALVINEGRALTDAREVISTAPIAU5448706214.mp3?updated=1743356122
ko-77,77,,A guerra comercial de Trump e outras batalhas brasileiras,2025-04-04T10:37:00-03:00,Helder Barbalho,Fernando de Barros e Silva; Marina Dias; Samuel Pessoa; Conrado Hübner Mendes; Samira Bueno,,false,false,0.92,,https://traffic.megaphone.fm/EDITORAALVINEGRALTDAREVISTAPIAU1078620735.mp3?updated=1743775451
ko-76,76,,"O centrão de Lula, a popcorn e o centrão da CBF",2025-04-11T09:39:00-03:00,Magno Malta,Fernando de Barros e Silva; Ana Clara Costa; Celso Rocha de Barros; Alain de Abreu,Celso Rocha de Barros,false,true,0.99,,https://traffic.megaphone.fm/EDITORAALVINEGRALTDAREVISTAPIAU2697670724.mp3?updated=1744375444
ko-75,75,,"A anistia, o cerco de Trump às universidades e o caso Glauber",2025-04-18T09:23:00-03:00,Rui Falcão,Fernando de Barros e Silva; Ana Clara Costa; Celso Rocha de Barros,Celso Rocha de Barros,false,true,0.98,,https://traffic.megaphone.fm/EDITORAALVINEGRALTDAREVISTAPIAU1422527726.mp3?updated=1744979846
ko-74,74,,"O calvário dos golpistas, a boa vida do centrão e a morte de Francisco",2025-04-25T09:54:00-03:00,Jaques Wagner,Fernando de Barros e Silva; Ana Clara Costa; Celso Rocha de Barros,Celso Rocha de Barros,false,true,0.98,,https://traffic.megaphone.fm/EDITORAALVINEGRALTDAREVISTAPIAU9634157878.mp3?updated=1745585973
ko-73,73,,"A fraude do INSS, o acordão para os golpistas e o caos de Donald Trump",2025-05-02T09:38:00-03:00,André de Paula,Fernando de Barros e Silva; Ana Clara Costa; Celso Rocha de Barros,,false,false,0.79,,https://traffic.megaphone.fm/EDITORAALVINEGRALTDAREVISTAPIAU4408965727.mp3?updated=1746190535
ko-72,72,,"Habemus papa, golpistas e analfabetos",2025-05-09T10:14:00-03:00,Aldo Rebelo,Fernando de Barros e Silva; Ana Clara Costa; Celso Rocha de Barros,,false,false,0.91,,https://traffic.megaphone.fm/EDITORAALVINEGRALTDAREVISTAPIAU1132177355.mp3?updated=1746797400
ko-71,71,,"A diplomacia de Lula, os planos de Temer e o adeus a Mujica",2025-05-16T09:41:00-03:00,Aécio Neves,Fernando de Barros e Silva; Celso Rocha de Barros; Ana Clara Costa,Fernando de Barros e Silva,false,true,0.96,,https://traffic.megaphone.fm/EDITORAALVINEGRALTDAREVISTAPIAU2726557728.mp3?updated=1747400458
ko-70,70,,"Os militares no STF, as disputas no clã Bolsonaro e o terror em Gaza",2025-05-23T09:59:00-03:00,Davi Alcolumbre,Fernando de Barros e Silva; Ana Clara Costa; Celso Rocha de Barros,,false,false,0.93,,https://traffic.megaphone.fm/EDITORAALVINEGRALTDAREVISTAPIAU8695736359.mp3?updated=1748006421
ko-69,69,,"A boiada do Senado, o imbróglio do IOF e a farra das bets",2025-05-30T10:24:00-03:00,Pastor Sargento Isidório,Fernando de Barros e Silva; Celso Rocha de Barros; Ana Clara Costa; João Batista Júnior,Celso Rocha de Barros,false,true,0.99,,https://traffic.megaphone.fm/EDITORAALVINEGRALTDAREVISTAPIAU8513478695.mp3?updated=1748611804
ko-68,68,,"A foragida, o ajuste nas contas e os dois patetas",2025-06-06T09:33:00-03:00,Eduardo Cunha,Fernando de Barros e Silva; Ana Clara Costa; Celso Rocha de Barros,Celso Rocha de Barros,false,true,0.99,,https://traffic.megaphone.fm/EDITORAALVINEGRALTDAREVISTAPIAU5425217081.mp3?updated=1749214160
ko-67,67,,Cenas de um julgamento e a chanchada do Congresso,2025-06-13T09:44:00-03:00,Gil do Vigor,Fernando de Barros e Silva; Celso Rocha de Barros; Ana Clara Costa,Ana Clara Costa,false,true,0.99,,https://traffic.megaphone.fm/EDITORAALVINEGRALTDAREVISTAPIAU9094683370.mp3?updated=1749820359
ko-66,66,,"A guerra de Israel, as batalhas de Lula e o golpe dos Bolsonaro",2025-06-20T09:05:00-03:00,Alexandre Frota,Fernando de Barros e Silva; Celso Rocha de Barros; Ana Clara Costa,Celso Rocha de Barros,false,true,0.99,,https://traffic.megaphone.fm/EDITORAALVINEGRALTDAREVISTAPIAU1776979987.mp3?updated=1750422235
ko-65,65,,"Uma derrota histórica, o cessar-fogo e o tête-à-tête dos golpistas",2025-06-27T09:52:00-03:00,Marcelo Bretas,Fernando de Barros e Silva; Celso Rocha de Barros; Ana Clara Costa,Celso Rocha de Barros,false,true,0.99,,https://traffic.megaphone.fm/EDITORAALVINEGRALTDAREVISTAPIAU7777399641.mp3?updated=1751030981
ko-64,64,,"A iniquidade tributária, um grito rouco na Paulista e um freio às redes sociais",2025-07-04T10:55:00-03:00,Michel Temer,Fernando de Barros e Silva; Celso Rocha de Barros; Ana Clara Costa,Ana Clara Costa,false,true,0.99,,https://traffic.megaphone.fm/EDITORAALVINEGRALTDAREVISTAPIAU1274784376.mp3?updated=1751637646
ko-63,63,,O tarifaço e a jogatina,2025-07-11T10:18:00-03:00,Nelson Jobim,Fernando de Barros e Silva; Celso Rocha de Barros; Ana Clara Costa; João Batista Júnior,Celso Rocha de Barros,false,true,0.78,,https://traffic.megaphone.fm/EDITORAALVINEGRALTDAREVISTAPIAU6505309222.mp3?updated=1752241757
ko-62,62,,"A tarifa de Trump, o impasse da direita e a volta de Lula",2025-07-18T10:08:00-03:00,Eduardo Cunha,Fernando de Barros e Silva; Celso Rocha de Barros; Ana Clara Costa,Ana Clara Costa,false,true,0.98,,https://traffic.megaphone.fm/EDITORAALVINEGRALTDAREVISTAPIAU9156084514.mp3?updated=1753925119
ko-61,61,,"A tornozeleira de Jair, as rachaduras do bolsonarismo e a barbárie das ruas",2025-07-25T13:45:00-03:00,Magno Malta,Fernando de Barros e Silva; Celso Rocha de Barros; Ana Clara Costa,Celso Rocha de Barros,false,true,0.99,,https://traffic.megaphone.fm/EDITORAALVINEGRALTDAREVISTAPIAU6395565751.mp3?updated=1753919397
ko-60,60,,Os inimigos do Brasil e o inimigo da humanidade,2025-08-01T09:28:00-03:00,Sostenes Cavalcante,Fernando de Barros e Silva; Celso Rocha de Barros; Ana Clara Costa,Ana Clara Costa,false,true,0.98,,https://traffic.megaphone.fm/EDITORAALVINEGRALTDAREVISTAPIAU7900239956.mp3?updated=1754052558
ko-59,59,,A prisão de Bolsonaro e os sequestradores da democracia,2025-08-08T09:50:00-03:00,Guilherme Boulos,Fernando de Barros e Silva; Celso Rocha de Barros; Ana Clara Costa,Celso Rocha de Barros,false,true,0.98,,https://traffic.megaphone.fm/EDITORAALVINEGRALTDAREVISTAPIAU1529231324.mp3?updated=1754660463
ko-58,58,,"A reação ao tarifaço, o rescaldo do motim e o algoritmo da pedofilia",2025-08-15T10:03:00-03:00,Damares Alves,Fernando de Barros e Silva; Celso Rocha de Barros; Ana Clara Costa,,false,false,0.82,,https://traffic.megaphone.fm/EDITORAALVINEGRALTDAREVISTAPIAU4900663745.mp3?updated=1755264257
ko-57,57,,"A família &$&%#£¥, a Magnitsky e o nó ambiental",2025-08-23T12:31:00-03:00,Ratinho Júnior,Fernando de Barros e Silva; Celso Rocha de Barros; Marina Dias; Bernardo Esteves,Celso Rocha de Barros,false,true,0.43,,https://traffic.megaphone.fm/EDITORAALVINEGRALTDAREVISTAPIAU9744602620.mp3?updated=1755963738
ko-56,56,,"A punição, a impunidade e a perseguição",2025-08-29T09:33:00-03:00,Cláudio Castro,Fernando de Barros e Silva; Celso Rocha de Barros; Ana Clara Costa,Ana Clara Costa,false,true,0.99,,https://traffic.megaphone.fm/EDITORAALVINEGRALTDAREVISTAPIAU8537826840.mp3?updated=1756473697
ko-55,55,,As instituições funcionando e o centrão contra as instituições,2025-09-05T10:21:00-03:00,Cristiane Brasil,Fernando de Barros e Silva; Celso Rocha de Barros; Ana Clara Costa,Ana Clara Costa,false,true,0.99,,https://traffic.megaphone.fm/EDITORAALVINEGRALTDAREVISTAPIAU4328186503.mp3?updated=1757078406
ko-53,53,,A condenação de Bolsonaro e o vexame de Fux,2025-09-12T10:15:00-03:00,Hélio Lopes,Fernando de Barros e Silva; Ana Clara Costa; Celso Rocha de Barros,,false,false,0.98,,https://traffic.megaphone.fm/EDITORAALVINEGRALTDAREVISTAPIAU2574607506.mp3?updated=1757684103
ko-52,52,,A direita e o PCC no país da impunidade,2025-09-19T09:36:00-03:00,Roberto Justus,Fernando de Barros e Silva; Celso Rocha de Barros; Ana Clara Costa; João Batista Júnior,,false,false,0.8,,https://traffic.megaphone.fm/EDITORAALVINEGRALTDAREVISTAPIAU9959012434.mp3?updated=1758287684
ko-51,51,,"O aceno de Trump, a derrota da blindagem e a tragédia de Gaza",2025-09-26T09:50:00-03:00,Marcos Pereira,Fernando de Barros e Silva; Ana Clara Costa; Celso Rocha de Barros,Celso Rocha de Barros,false,true,0.95,,https://traffic.megaphone.fm/EDITORAALVINEGRALTDAREVISTAPIAU6135673813.mp3?updated=1758892640
ko-50,50,,"O avanço na tributação, as dúvidas em Gaza e as vítimas do metanol",2025-10-03T09:46:00-03:00,Júlia Zanatta,Fernando de Barros e Silva; Ana Clara Costa; Celso Rocha de Barros,Ana Clara Costa,false,true,0.98,,https://traffic.megaphone.fm/EDITORAALVINEGRALTDAREVISTAPIAU2664638501.mp3?updated=1759497279
ko-49,49,,"O lobby do tigrinho, a retomada de Lula e a química com Trump",2025-10-10T09:57:00-03:00,Fabiano Contarato,Fernando de Barros e Silva; Ana Clara Costa; Celso Rocha de Barros,,false,false,0.98,,https://traffic.megaphone.fm/EDITORAALVINEGRALTDAREVISTAPIAU6346582903.mp3?updated=1760103060
ko-48,48,,O divórcio do centrão e o risco Trump,2025-10-17T10:43:00-03:00,Ricardo Nunes,Fernando de Barros e Silva; Celso Rocha de Barros; Ana Clara Costa,Ana Clara Costa,false,true,0.98,,https://traffic.megaphone.fm/EDITORAALVINEGRALTDAREVISTAPIAU2113408605.mp3?updated=1760709376
ko-47,47,,"Lula na Ásia, Valdemar na mira e a COP em apuros",2025-10-24T10:13:00-03:00,Rogério Corrêa,Fernando de Barros e Silva; Ana Clara Costa; Celso Rocha de Barros; Bernardo Esteves,,false,false,0.79,,https://traffic.megaphone.fm/EDITORAALVINEGRALTDAREVISTAPIAU7739948892.mp3?updated=1761313301
ko-46,46,,"O massacre no Rio, Lula com Trump e Trump com Milei",2025-10-31T09:40:00-03:00,Paulo Gonê,Fernando de Barros e Silva; Ana Clara Costa; Celso Rocha de Barros,Celso Rocha de Barros,false,true,0.98,,https://traffic.megaphone.fm/EDITORAALVINEGRALTDAREVISTAPIAU2622369028.mp3?updated=1761916147
ko-45,45,,O saldo da carnificina no Rio e a hora da verdade em Belém,2025-11-07T10:43:00-03:00,Marcos Duval,Fernando de Barros e Silva; Ana Clara Costa; Celso Rocha de Barros; Bernardo Esteves,,false,false,0.99,,https://traffic.megaphone.fm/EDITORAALVINEGRALTDAREVISTAPIAU7643681582.mp3?updated=1762521866
ko-43,43,,O terrorismo da direita e boas novas em Belém,2025-11-25T15:44:00-03:00,Sérgio Moro,Fernando de Barros e Silva; Ana Clara Costa; Celso Rocha de Barros; Bernardo Esteves,Fernando de Barros e Silva,false,true,0.94,,https://traffic.megaphone.fm/EDITORAALVINEGRALTDAREVISTAPIAU2834116842.mp3?updated=1763126740
ko-44,44,,As facções do crime e o clima quente em Belém,2025-11-25T15:44:00-03:00,Sérgio Moro,Fernando de Barros e Silva; Ana Clara Costa; Celso Rocha de Barros; Bernardo Esteves,Ana Clara Costa,false,true,0.97,,https://traffic.megaphone.fm/EDITORAALVINEGRALTDAREVISTAPIAU1428252453.mp3?updated=1763739457
ko-42,42,,"A prisão de Jair, o day after da direita e a hora de Messias, o Jorge",2025-11-28T09:43:00-03:00,Renan Santos,Fernando de Barros e Silva; Ana Clara Costa; Celso Rocha de Barros,Celso Rocha de Barros,false,true,0.97,,https://traffic.megaphone.fm/EDITORAALVINEGRALTDAREVISTAPIAU8888701363.mp3?updated=1764335885
ko-41,41,,"Poderes em crise, quizilas no clã e o horror contra as mulheres",2025-12-05T10:04:00-03:00,Guilherme Derriti,Fernando de Barros e Silva; Ana Clara Costa; Celso Rocha de Barros,Celso Rocha de Barros,false,true,0.97,,https://traffic.megaphone.fm/EDITORAALVINEGRALTDAREVISTAPIAU2191070364.mp3?updated=1764941632
ko-40,40,,"Golpe barato, advocacia cara e o preço dos Bolsonaro",2025-12-12T09:42:00-03:00,Wilson Witzel,Fernando de Barros e Silva; Ana Clara Costa; Celso Rocha de Barros,Celso Rocha de Barros,false,true,0.9,,https://traffic.megaphone.fm/EDITORAALVINEGRALTDAREVISTAPIAU1075596292.mp3?updated=1765544846
ko-39,39,,"Vexame em Brasília, extremismo no Chile e desonra no Rio",2025-12-19T09:40:00-03:00,Júlio Lopes,Fernando de Barros e Silva; Ana Clara Costa; Celso Rocha de Barros,,false,false,0.66,,https://traffic.megaphone.fm/EDITORAALVINEGRALTDAREVISTAPIAU3003600804.mp3?updated=1766149779
ko-37,37,,"Trump, o pirata do Caribe, e os piratas do Banco Master no Brasil",2026-01-09T09:07:00-03:00,Gustavo Gayer,Fernando de Barros e Silva; Ana Clara Costa; Celso Rocha de Barros,,false,false,0.98,,https://traffic.megaphone.fm/EDITORAALVINEGRALTDAREVISTAPIAU2575879186.mp3?updated=1767963793
ko-36,36,,Os novos tentáculos do Master e os novos baianos de Lula,2026-01-16T09:08:00-03:00,Eduardo Girão,Fernando de Barros e Silva; Ana Clara Costa; Celso Rocha de Barros,,false,false,0.97,,https://traffic.megaphone.fm/EDITORAALVINEGRALTDAREVISTAPIAU6323367424.mp3?updated=1768566953
ko-35,35,,A crise no Supremo e os horrores de Trump,2026-01-23T09:46:00-03:00,Onyx Lorenzoni,Fernando de Barros e Silva; Ana Clara Costa; Celso Rocha de Barros,,false,false,0.94,,https://traffic.megaphone.fm/EDITORAALVINEGRALTDAREVISTAPIAU6677290283.mp3?updated=1769173664
ko-34,34,,"A vorcarização do STF, a direita sem Tarcísio e a SS de Trump",2026-01-30T09:23:00-03:00,,Fernando de Barros e Silva; Ana Clara Costa; Celso Rocha de Barros,,false,false,0.96,,https://traffic.megaphone.fm/EDITORAALVINEGRALTDAREVISTAPIAU5075282264.mp3?updated=1769779019
ko-33,33,,"A conduta do STF, a  CPI do INSS e a eleição na Internet",2026-02-06T10:36:00-03:00,Janaína Paschoal,Fernando de Barros e Silva; Ana Clara Costa; Celso Rocha de Barros,Celso Rocha de Barros,false,true,0.95,,https://traffic.megaphone.fm/EDITORAALVINEGRALTDAREVISTAPIAU5712952748.mp3?updated=1770385025
ko-32,32,,"Toffoli sob suspeita, o vice de Lula e o fim da jornada 6x1",2026-02-13T10:37:00-03:00,Ciro Gomes,Fernando de Barros e Silva; Ana Clara Costa; Celso Rocha de Barros,Fernando de Barros e Silva,false,true,0.96,,https://traffic.megaphone.fm/EDITORAALVINEGRALTDAREVISTAPIAU7771402224.mp3?updated=1770991158
ko-31,31,,O Carnaval de Lula e Xandão e um lobby do agro na educação,2026-02-20T09:42:00-03:00,André Esteves,Fernando de Barros e Silva; Ana Clara Costa; Celso Rocha de Barros,Ana Clara Costa,false,true,0.97,,https://traffic.megaphone.fm/EDITORAALVINEGRALTDAREVISTAPIAU7788717507.mp3?updated=1771593319
ko-10,10,,"Justiça para Marielle, limites para Trump e outros penduricalhos",2026-03-03T14:38:00-03:00,José Roberto Arruda,Fernando de Barros e Silva; Ana Clara Costa; Celso Rocha de Barros,,false,false,0.76,,https://traffic.megaphone.fm/EDITORAALVINEGRALTDAREVISTAPIAU4870746252.mp3?updated=1772200153
ko-9,9,,Celular de Vorcaro expõe métodos mafiosos e cai como bomba no STF,2026-03-06T15:25:00-03:00,Romero Jucá,Fernando de Barros e Silva; Ana Clara Costa; Celso Rocha de Barros,,false,false,0.96,,https://traffic.megaphone.fm/EDITORAALVINEGRALTDAREVISTAPIAU1209815464.mp3?updated=1772808244
ko-8,8,,"A crise do Master, o Supremo e a sucessão presidencial",2026-03-13T09:30:00-03:00,Carlos Jordy,Fernando de Barros e Silva; Ana Clara Costa; Celso Rocha de Barros,Celso Rocha de Barros,false,true,0.91,,https://traffic.megaphone.fm/EDITORAALVINEGRALTDAREVISTAPIAU8822917506.mp3?updated=1773406455
ko-7,7,,As conexões de Vorcaro e a agonia de Cuba,2026-03-20T09:20:00-03:00,Ciro Nogueira,Fernando de Barros e Silva; Ana Clara Costa; Celso Rocha de Barros,Fernando de Barros e Silva,false,true,0.93,,https://traffic.megaphone.fm/EDITORAALVINEGRALTDAREVISTAPIAU8058380959.mp3?updated=1774010835
ko-6,6,,"Bolsonaro avança, Ratinho recua e Cláudio Castro implode",2026-03-27T10:21:00-03:00,Paulo Skaff,Fernando de Barros e Silva; Ana Clara Costa; Celso Rocha de Barros,Ana Clara Costa,false,true,0.99,,https://traffic.megaphone.fm/EDITORAALVINEGRALTDAREVISTAPIAU7215303470.mp3?updated=1774618842
ko-5,5,,"A extrema direita, a direita extrema e as eleições",2026-04-03T09:27:00-03:00,Alexandre Ramagem,Fernando de Barros e Silva; Ana Clara Costa; Celso Rocha de Barros,,false,false,0.97,,https://traffic.megaphone.fm/EDITORAALVINEGRALTDAREVISTAPIAU5534229917.mp3?updated=1775220753
ko-4,4,,O rachadão de Vorcaro e as dúvidas da sucessão,2026-04-10T10:04:00-03:00,Arthur do Val,Fernando de Barros e Silva; Celso Rocha de Barros; Ana Clara Costa,Celso Rocha de Barros,false,true,0.89,,https://traffic.megaphone.fm/EDITORAALVINEGRALTDAREVISTAPIAU8120377361.mp3?updated=1776105277
ko-3,3,,"O relatório da CPI, a candidatura do PSDB e a eleição na Hungria",2026-04-17T10:07:00-03:00,Pablo Marçal,Fernando de Barros e Silva; Ana Clara Costa; Celso Rocha de Barros,Fernando de Barros e Silva,false,true,0.98,,https://traffic.megaphone.fm/EDITORAALVINEGRALTDAREVISTAPIAU1680164015.mp3?updated=1776435164
ko-2,2,,"Os rolos do BRB, o voto econômico e a trincheira em SP",2026-04-24T10:17:00-03:00,Aécio Neves,Fernando de Barros e Silva; Ana Clara Costa; Celso Rocha de Barros,Ana Clara Costa,false,true,0.99,,https://traffic.megaphone.fm/EDITORAALVINEGRALTDAREVISTAPIAU6601915056.mp3?updated=1777037706
ko-1,1,,A derrota de Lula e a farra da tigrada,2026-05-01T10:37:00-03:00,Otoni de Paula,Fernando de Barros e Silva; Ana Clara Costa; Celso Rocha de Barros,Celso Rocha de Barros,false,true,0.97,,https://traffic.megaphone.fm/EDITORAALVINEGRALTDAREVISTAPIAU1725695645.mp3?updated=1777644079
ko-1578,1578,,"Cirão do Master, névoas eleitorais e a viagem de Lula",2026-05-08T10:20:00-03:00,Augusto Cury,Fernando de Barros e Silva; Ana Clara Costa; Celso Rocha de Barros,,false,false,0.98,,https://traffic.megaphone.fm/EDITORAALVINEGRALTDAREVISTAPIAU9940887238.mp3?updated=1778247286
ko-2098,2098,,"Vorcaro e Flávio, os bons companheiros",2026-05-15T09:30:00-03:00,Álvaro Dias,Fernando de Barros e Silva; Ana Clara Costa; Celso Rocha de Barros,Fernando de Barros e Silva,false,true,0.99,,https://traffic.megaphone.fm/EDITORAALVINEGRALTDAREVISTAPIAU1925469111.mp3?updated=1778849445
ko-2619,2619,,"As mentiras de Flávio, o respiro de Lula e a volta de Messias",2026-05-22T09:57:00-03:00,Cabo Gilberto Silva,Fernando de Barros e Silva; Ana Clara Costa; Celso Rocha de Barros,,false,false,0.97,,https://traffic.megaphone.fm/EDITORAALVINEGRALTDAREVISTAPIAU8625320306.mp3
ko-3144,3144,,"Terroristas, ladrões e trabalhadores",2026-05-29T09:27:00-03:00,Rodrigo Garcia,Fernando de Barros e Silva; Ana Clara Costa; Celso Rocha de Barros,,false,false,0.96,,https://traffic.megaphone.fm/EDITORAALVINEGRALTDAREVISTAPIAU1608393207.mp3
ko-3143,3143,,O tarifaço no Brasil e o judiciário em Lisboa,2026-06-05T09:51:00-03:00,Marco Feliciano,Ana Clara Costa; Celso Rocha de Barros; João Batista Júnior,,false,false,0.91,,https://traffic.megaphone.fm/EDITORAALVINEGRALTDAREVISTAPIAU1074324078.mp3
ko-3141,3141,,"A delação rejeitada, a pesquisa suspensa e a votação contra o aborto legal",2026-06-18T16:23:00-03:00,Alexandre Kalil,Ana Clara Costa; Celso Rocha de Barros; João Batista Júnior,,false,false,0.98,,https://traffic.megaphone.fm/EDITORAALVINEGRALTDAREVISTAPIAU6077552323.mp3
ko-3669,3669,,"A teia de Vorcaro, os bastidores de Trancoso e o xadrez da direita",2026-06-19T13:58:00-03:00,Ricardo Salles,Ana Clara Costa; Celso Rocha de Barros; João Batista Júnior,Ana Clara Costa,false,true,0.95,,https://traffic.megaphone.fm/EDITORAALVINEGRALTDAREVISTAPIAU9865059133.mp3
ko-3668,3668,,"A cartada de Michelle, o revés de Flávio e o avanço da direita no continente",2026-06-26T09:32:00-03:00,Aldo Rebelo,Fernando de Barros e Silva; Ana Clara Costa; Celso Rocha de Barros,Ana Clara Costa,false,true,0.99,,https://traffic.megaphone.fm/EDITORAALVINEGRALTDAREVISTAPIAU5832541662.mp3
ko-3667,3667,,A guerra de Flávio e Michelle e os partidos contra as cotas,2026-07-03T10:05:00-03:00,Bia Kicis,Fernando de Barros e Silva; Ana Clara Costa; Celso Rocha de Barros,Celso Rocha de Barros,false,true,0.99,,https://traffic.megaphone.fm/EDITORAALVINEGRALTDAREVISTAPIAU3117511859.mp3
ko-4197,4197,,"O vexame de Flávio, a devassa no Rio e o fiasco de Trump",2026-07-10T09:51:00-03:00,Júlia Zanatta,Fernando de Barros e Silva; Ana Clara Costa; Celso Rocha de Barros,,false,false,0.95,,https://traffic.megaphone.fm/EDITORAALVINEGRALTDAREVISTAPIAU7304315640.mp3
ko-4196,4196,,"O tarifaço, o amigo do Sicário e a confusão mineira",2026-07-17T09:30:00-03:00,Esperidião Amin,Fernando de Barros e Silva; Ana Clara Costa; Celso Rocha de Barros,Celso Rocha de Barros,false,true,0.98,,https://traffic.megaphone.fm/EDITORAALVINEGRALTDAREVISTAPIAU5539110028.mp3
ko-4727,4727,,"Os rolos de Flávio, as articulações de Lula e a jogada de Ciro",2026-07-24T09:35:00-03:00,Eduardo Girão,Fernando de Barros e Silva; Ana Clara Costa; Celso Rocha de Barros,Celso Rocha de Barros,false,true,0.94,,https://traffic.megaphone.fm/EDITORAALVINEGRALTDAREVISTAPIAU6009101378.mp3
ko-5259,5259,,"A insensatez de Milei, o caos em Minas e o juiz no Paraná",2026-07-31T16:57:00-03:00,Deltan Dallagnol,Fernando de Barros e Silva; Ana Clara Costa; Celso Rocha de Barros,Celso Rocha de Barros,false,true,0.95,,https://traffic.megaphone.fm/EDITORAALVINEGRALTDAREVISTAPIAU6976482775.mp3
ko-5793,5793,,"O vice bichado de Flávio, o Marcola de Lula e o novo golpe de Trump",2026-08-07T09:56:00-03:00,Franklin Martins,Fernando de Barros e Silva; Ana Clara Costa; Celso Rocha de Barros,,false,false,0.97,,https://traffic.megaphone.fm/EDITORAALVINEGRALTDAREVISTAPIAU5393348295.mp3
ko-6329,6329,,"As dúvidas sobre Gaspar, as astúcias do centrão e o teatro eleitoral",2026-08-14T10:25:00-03:00,Tabata Amaral,Fernando de Barros e Silva; Celso Rocha de Barros; João Batista Júnior,Celso Rocha de Barros,false,true,0.98,,https://traffic.megaphone.fm/EDITORAALVINEGRALTDAREVISTAPIAU3775109360.mp3
